dataset,method,validity_ratio_mean,validity_ratio_std,validity_ratio_min,validity_ratio_max,validity_ratio_count,stepwise_validity_auc_mean,stepwise_validity_auc_std,stepwise_validity_auc_min,stepwise_validity_auc_max,stepwise_validity_auc_count,consecutive_valid_steps_mean,consecutive_valid_steps_std,consecutive_valid_steps_min,consecutive_valid_steps_max,consecutive_valid_steps_count,max_consecutive_valid_steps_mean,max_consecutive_valid_steps_std,max_consecutive_valid_steps_min,max_consecutive_valid_steps_max,max_consecutive_valid_steps_count,distance_to_band_mean,distance_to_band_std,distance_to_band_min,distance_to_band_max,distance_to_band_count,proximity_l2_scaled_mean,proximity_l2_scaled_std,proximity_l2_scaled_min,proximity_l2_scaled_max,proximity_l2_scaled_count,proximity_l1_scaled_mean,proximity_l1_scaled_std,proximity_l1_scaled_min,proximity_l1_scaled_max,proximity_l1_scaled_count,sparsity_count_mean,sparsity_count_std,sparsity_count_min,sparsity_count_max,sparsity_count_count,sparsity_ratio_mean,sparsity_ratio_std,sparsity_ratio_min,sparsity_ratio_max,sparsity_ratio_count,runtime_sec_mean,runtime_sec_std,runtime_sec_min,runtime_sec_max,runtime_sec_count
piezo1,COMET-exog,0.28833333333333333,0.14198284747892775,0.0,0.875,200,0.088125,0.13536568103436844,0.0,0.5,200,2.115,3.2487763448248437,0,12,200,6.585,3.430981370661922,0,18,200,0.3653674282008393,0.20508554342574192,0.0038602314049421,0.9314522194524328,200,0.3386228211969137,0.08060163368327146,0.1541546136140823,0.5693849921226501,200,0.1987657137960195,0.06893365325750586,0.0646450966596603,0.3634878098964691,200,886.415,22.878810608822555,826,938,200,0.6595349702380952,0.017022924560135818,0.6145833333333334,0.6979166666666666,200,0.4026803481578827,0.03324500148640972,0.3495965003967285,0.4998047351837158,200
piezo1,DiffusionCF-exog,0.16833333333333333,0.14832255809394265,0.0,0.6666666666666666,200,0.07499999999999998,0.11223952412631984,0.0,0.5416666666666666,200,1.8,2.693748579031677,0,13,200,4.0,3.5444060250416802,0,16,200,0.7123384205767981,0.37910829540252844,0.0414943587844192,1.6360413117378212,200,0.489430747628212,0.09403044321337972,0.3086163401603699,0.7589431405067444,200,0.11209085237234827,0.025622886712707044,0.0712853148579597,0.1942542344331741,200,136.935,3.299272799424946,128,144,200,0.10188616071428566,0.002454816071000681,0.0952380952380952,0.1071428571428571,200,0.47912387251853944,0.02168194838125464,0.4331529140472412,0.5390019416809082,200
piezo1,DiffusionCF-target,0.1564583333333333,0.13596501848158565,0.0,0.5,200,0.06999999999999998,0.10255325045667485,0.0,0.5,200,1.68,2.4612780109601955,0,12,200,3.72,3.25029569586411,0,12,200,0.7206386769117116,0.36910888698324007,0.1188309978066689,1.6545089409902214,200,0.2435871978104114,0.08893706630364272,0.0988906547427177,0.5059245228767395,200,0.0392090648412704,0.01660682944620259,0.0143486093729734,0.0908362418413162,200,47.995,0.07071067811865513,47,48,200,0.03571056547619046,5.26121116954339e-05,0.034970238095238,0.0357142857142857,200,0.4671976590156555,0.020979880170160753,0.4299538135528564,0.5363998413085938,200
piezo1,ForecastCF-exog,0.30291666666666667,0.14058422310342886,0.0,0.875,200,0.10145833333333332,0.14682912594241637,0.0,0.5416666666666666,200,2.435,3.523899022617992,0,13,200,6.815,3.487346113389504,0,18,200,0.3318370631053301,0.18595832630364467,0.0031884289821206,0.8023798818678518,200,0.45028708174824716,0.10198869794357204,0.1837397664785385,0.7510668039321899,200,0.3472470536828041,0.08475420442866381,0.1110877394676208,0.597581148147583,200,1007.92,0.2898622095108819,1006,1008,200,0.7499404761904762,0.0002156712868384399,0.7485119047619048,0.75,200,0.27853847622871397,0.015149740322893287,0.2446286678314209,0.3189690113067627,200
piezo1,ForecastCF-target,0.256875,0.12438973728585308,0.0,0.6666666666666666,200,0.06541666666666666,0.12857872620715355,0.0,0.4583333333333333,200,1.57,3.0858894289716865,0,11,200,5.945,3.070687317688837,0,16,200,0.3817535050501094,0.18663361238245116,0.0267547045719869,0.8677866009682423,200,0.26846329301595684,0.050773044305228145,0.1356667876243591,0.3926789164543152,200,0.1199996074289083,0.025736419181343995,0.0380332395434379,0.1780260801315307,200,335.98,0.1403513179927893,335,336,200,0.24998511904761905,0.00010442806398273957,0.2492559523809523,0.25,200,0.30220645785331723,0.012627923223747808,0.2663025856018066,0.3333227634429931,200
piezo1,GA-exog,0.2947916666666666,0.15856224636250676,0.0,0.875,200,0.17125,0.1699216285669064,0.0,0.875,200,4.11,4.078119085605753,0,21,200,7.01,3.7456708679829656,0,21,200,0.5138292439630124,0.26906035879842133,0.011135163353936,1.1395344316469156,200,0.32486891038715837,0.06982018529341295,0.1793887466192245,0.548353374004364,200,0.06143986154347654,0.014414670498208722,0.0339366979897022,0.1018991470336914,200,85.65,5.023312486966001,73,95,200,0.06372767857142853,0.0037375836956592278,0.0543154761904761,0.0706845238095238,200,2.298249740600586,0.0711042109319592,2.146061897277832,2.549262762069702,200
piezo1,NTD-CFE-exog,0.24270833333333333,0.16309176385283097,0.0,0.7083333333333334,200,0.12166666666666665,0.1332338406014292,0.0,0.5833333333333334,200,2.92,3.1976121744343002,0,14,200,5.745,3.863236724554909,0,17,200,0.6415280992607637,0.3647760667095787,0.040592559603312,1.654635164151329,200,0.29072208885685535,0.3578564088964838,0.0,2.099843740463257,200,0.13084162515584008,0.16185652296176395,0.0,1.0167853832244873,200,356.4,232.16046694487045,0,868,200,0.2651785714285714,0.17273844266731442,0.0,0.6458333333333334,200,1.3326488256454467,0.043670387391055845,1.198991298675537,1.458162546157837,200
piezo11,COMET-exog,0.09354166666666665,0.038848924088674235,0.0,0.2083333333333333,200,0.09062499999999997,0.043296736736852366,0.0,0.2083333333333333,200,2.175,1.039121681684457,0,5,200,2.245,0.932374178128181,0,5,200,0.9357120500768136,0.07225926653156685,0.7332350528438116,1.1200740883546707,200,0.42385448440909385,0.1090611580980747,0.2775395512580871,0.7188674211502075,200,0.21869500100612638,0.11005503600492393,0.0947000309824943,0.547970712184906,200,895.83,46.986805589415084,827,1007,200,0.6665401785714287,0.03496042082545763,0.6153273809523809,0.7492559523809523,200,0.41184612274169924,0.03481258235920992,0.3638486862182617,0.5165698528289795,200
piezo11,DiffusionCF-exog,0.0745833333333333,0.035342999057185666,0.0,0.2083333333333333,200,0.0745833333333333,0.035342999057185666,0.0,0.2083333333333333,200,1.79,0.8482319773724556,0,5,200,1.79,0.8482319773724556,0,5,200,1.0029768420763634,0.06951572355269861,0.7882251390391938,1.1952364295238869,200,0.455520424246788,0.0933893247312861,0.2854711413383484,0.8281991481781006,200,0.10755434852093454,0.024424705054305655,0.0704323127865791,0.1791532188653946,200,137.575,3.1101026821420823,127,144,200,0.10236235119047614,0.0023140644956414357,0.0944940476190476,0.1071428571428571,200,0.4852739357948303,0.024826943146235972,0.4469540119171142,0.6135599613189697,200
piezo11,DiffusionCF-target,0.08854166666666663,0.051488436711746674,0.0,0.3333333333333333,200,0.07458333333333331,0.05276914472870694,0.0,0.3333333333333333,200,1.79,1.2664594734889663,0,8,200,2.03,1.1382345493997428,0,8,200,0.8563890700574942,0.22162456118840906,0.1451582206825001,1.1613406508511943,200,0.2484988138452172,0.1263625840091766,0.0189235638827085,0.4698714017868042,200,0.04674354448216032,0.02406170054628758,0.0029914840124547,0.0887684449553489,200,47.995,0.07071067811865533,47,48,200,0.03571056547619046,5.261211169543393e-05,0.034970238095238,0.0357142857142857,200,0.4693928945064545,0.021154346052369537,0.4280314445495605,0.5692312717437744,200
piezo11,ForecastCF-exog,0.10041666666666664,0.0432468373956249,0.0,0.25,200,0.08999999999999998,0.05595473563495468,0.0,0.25,200,2.16,1.342913655238912,0,6,200,2.41,1.0379240974949968,0,6,200,0.8965900649243401,0.07161268713900423,0.6846000358008931,1.0834780263242263,200,0.9022661349177361,0.15810472698637246,0.5791678428649902,1.1181546449661257,200,0.757557600736618,0.13605954817630378,0.4849584698677063,0.9558083415031432,200,1007.985,0.12185748327927204,1007,1008,200,0.7499888392857144,9.066777029708507e-05,0.7492559523809523,0.75,200,0.2883563768863678,0.01816166321980682,0.2470996379852295,0.3427309989929199,200
piezo11,ForecastCF-target,0.12729166666666664,0.10469485018614677,0.0,0.4583333333333333,200,0.0,0.0,0.0,0.0,200,0.0,0.0,0,0,200,3.025,2.5171522155765453,0,11,200,0.33398223031720353,0.061628431052135765,0.1157484074468252,0.4300274413730189,200,0.2772341228276491,0.019795277589132923,0.230523332953453,0.3347518146038055,200,0.1360445901751518,0.008636415453483138,0.1137419193983078,0.1614289283752441,200,336.0,0.0,336,336,200,0.25,0.0,0.25,0.25,200,0.3104511666297912,0.01670657924993062,0.2705705165863037,0.3521616458892822,200
piezo11,GA-exog,0.07874999999999996,0.0356379798221899,0.0,0.2083333333333333,200,0.07812499999999996,0.035917789335250506,0.0,0.2083333333333333,200,1.875,0.8620269440460118,0,5,200,1.89,0.855311515732557,0,5,200,0.9950615193726555,0.07255277148713236,0.7751582628023895,1.1661763433742738,200,0.2763837894052267,0.0897948501460588,0.124962642788887,0.7772015929222107,200,0.04705235752277072,0.016029791047006428,0.0225983187556266,0.1045704782009124,200,85.945,5.254524253025019,74,97,200,0.06394717261904757,0.0039096162596912315,0.0550595238095238,0.072172619047619,200,2.3176122629642486,0.06018358832231705,2.197012186050415,2.514173746109009,200
piezo11,NTD-CFE-exog,0.0802083333333333,0.035674069544361614,0.0,0.2083333333333333,200,0.0802083333333333,0.035674069544361614,0.0,0.2083333333333333,200,1.925,0.8561776690646775,0,5,200,1.925,0.8561776690646775,0,5,200,1.003649075831541,0.06882035746861292,0.7877005452432891,1.1952094060258045,200,0.05602561174515353,0.17469513382971774,0.0,1.479886174201965,200,0.02362368146258173,0.0730145452338737,0.0,0.5364416837692261,200,155.875,162.64759628684783,0,792,200,0.11597842261904757,0.12101755676104753,0.0,0.5892857142857143,200,1.3460208082199097,0.05184955269337213,1.2362534999847412,1.520195722579956,200
piezo12,COMET-exog,0.12333333333333331,0.06720365807224676,0.0,0.375,200,0.12333333333333331,0.06720365807224676,0.0,0.375,200,2.96,1.6128877937339225,0,9,200,2.96,1.6128877937339225,0,9,200,0.8561836754400285,0.13270836037370418,0.4110825646322234,1.1733172997235757,200,0.3859254077076912,0.04944480424725547,0.2474624961614608,0.4988095164299011,200,0.1751600713655352,0.04043516054298215,0.0812734514474868,0.2751609086990356,200,963.03,23.81543564317836,913,1003,200,0.7165401785714286,0.01771981818688867,0.6793154761904762,0.7462797619047619,200,0.4149687778949738,0.03706313122161944,0.3633983135223388,0.518869161605835,200
piezo12,DiffusionCF-exog,0.10812499999999997,0.060690227146826904,0.0416666666666666,0.3333333333333333,200,0.10812499999999997,0.060690227146826904,0.0416666666666666,0.3333333333333333,200,2.595,1.4565654515238455,1,8,200,2.595,1.4565654515238455,1,8,200,0.9341352388086847,0.13383673965506362,0.4806575222719633,1.2728543022927148,200,0.4740452066063881,0.08898490612096409,0.2648400366306305,0.7380049228668213,200,0.10701859228312965,0.026006402697350075,0.0599705278873443,0.187241643667221,200,136.925,3.617291665732095,127,144,200,0.10187872023809519,0.0026914372512887555,0.0944940476190476,0.1071428571428571,200,0.48787534952163697,0.024716250822395775,0.4458918571472168,0.616591215133667,200
piezo12,DiffusionCF-target,0.1289583333333333,0.07932107176544569,0.0,0.5833333333333334,200,0.1133333333333333,0.0780529748952952,0.0,0.5416666666666666,200,2.72,1.873271397487085,0,13,200,2.975,1.7748593262962291,0,13,200,0.8331844982983114,0.23536913905920445,0.0952292905960584,1.242863025088847,200,0.16230538221541788,0.11445790224467302,0.0116385845467448,0.3932453691959381,200,0.03019168294034894,0.021860692393357587,0.0017309344839304,0.074275754392147,200,47.985,0.12185748327926323,47,48,200,0.03570312499999998,9.06677702970794e-05,0.034970238095238,0.0357142857142857,200,0.47365364789962766,0.023279226124588073,0.4340367317199707,0.5673370361328125,200
piezo12,ForecastCF-exog,0.1258333333333333,0.06812168473228578,0.0,0.375,200,0.12541666666666665,0.06876284713221699,0.0,0.375,200,3.01,1.6503083311732079,0,9,200,3.02,1.6349204335748584,0,9,200,0.8322627935553482,0.1255841603600292,0.4097851235539925,1.1205928822191396,200,0.7995420031249523,0.10989930455049453,0.4713414907455444,1.0536103248596191,200,0.6619733153283596,0.11055048590492982,0.326900839805603,0.8846328258514404,200,1007.845,0.8859455386689401,998,1008,200,0.7498846726190476,0.0006591856686525108,0.7425595238095238,0.75,200,0.28763933062553404,0.015702159348497096,0.2564468383789062,0.3332326412200928,200
piezo12,ForecastCF-target,0.290625,0.19347958696541082,0.0,1.0,200,0.015,0.12185748327926266,0.0,1.0,200,0.36,2.924579598702304,0,24,200,6.83,4.625807005513882,0,24,200,0.18986077604737922,0.08223604907026469,0.0,0.3750218429717448,200,0.18956025686115022,0.04349888500734721,0.0859770774841308,0.3380259573459625,200,0.0890445739217102,0.022697354262868806,0.0369888059794902,0.1584023982286453,200,335.925,0.7430583277186079,326,336,200,0.24994419642857144,0.0005528707795525287,0.2425595238095238,0.25,200,0.30933127880096434,0.024882552731741035,0.132897138595581,0.3576607704162597,200
piezo12,GA-exog,0.11062499999999999,0.05930888903711067,0.0416666666666666,0.3333333333333333,200,0.11062499999999999,0.05930888903711067,0.0416666666666666,0.3333333333333333,200,2.655,1.4234133368906552,1,8,200,2.655,1.4234133368906552,1,8,200,0.9210919198335787,0.12737675024263134,0.4742506530127676,1.1897015029599167,200,0.27623710334300994,0.08724041269357279,0.1104455441236496,0.5848825573921204,200,0.044723444273695304,0.01311677861952794,0.0199952982366085,0.0891306847333908,200,83.05,6.0945234498196825,71,99,200,0.061793154761904716,0.0045346156620682185,0.0528273809523809,0.0736607142857142,200,2.3020706570148466,0.05830515807012435,2.166355848312378,2.4532597064971924,200
piezo12,NTD-CFE-exog,0.1139583333333333,0.061458732574009176,0.0416666666666666,0.375,200,0.1139583333333333,0.061458732574009176,0.0416666666666666,0.375,200,2.735,1.4750095817762192,1,9,200,2.735,1.4750095817762192,1,9,200,0.9344898891748725,0.13338510607438522,0.4464767248355,1.272873833517411,200,0.06084675407917525,0.2145569579935872,0.0,2.1812868118286133,200,0.025113459268311503,0.09568391972536311,0.0,1.0279569625854492,200,127.945,129.10259242888694,0,671,200,0.09519717261904757,0.09605847650958853,0.0,0.4992559523809524,200,1.3434285950660705,0.05081633785256076,1.242619276046753,1.5514411926269531,200
piezo13,COMET-exog,0.681875,0.28958570579749515,0.0,1.0,200,0.678125,0.2944186246883379,0.0,1.0,200,16.275,7.066046992520113,0,24,200,16.305,7.0091092918663085,0,24,200,0.25768807790670484,0.365457331354489,0.0,1.487352246657719,200,0.27270712194032964,0.20378519012072271,0.0069219577126204,0.6022700667381287,200,0.16753027688944708,0.15783134119001407,0.0046381135471165,0.4485370516777038,200,841.045,105.43822395294677,594,964,200,0.6257775297619047,0.07845105948879966,0.4419642857142857,0.7172619047619048,200,0.3544978904724121,0.15887278363033216,0.0,0.5163834095001221,200
piezo13,DiffusionCF-exog,0.5360416666666666,0.31385948008815356,0.0,1.0,200,0.5354166666666667,0.3146942783608468,0.0,1.0,200,12.85,7.552662680660322,0,24,200,12.85,7.552662680660322,0,24,200,0.48814735497825334,0.5187207024472069,0.0,1.9264846804170617,200,0.43299803033471107,0.06256941865648978,0.3149587213993072,0.6174766421318054,200,0.1007661751285195,0.021291855101173845,0.0611088946461677,0.1624501347541809,200,139.33,3.340192273224791,128,144,200,0.10366815476190473,0.00248526210805416,0.0952380952380952,0.1071428571428571,200,0.43987372279167175,0.11964035865079016,0.1555399894714355,0.550112247467041,200
piezo13,DiffusionCF-target,0.6389583333333334,0.2892269793830013,0.0,1.0,200,0.6164583333333333,0.30445170612032335,0.0,1.0,200,14.795,7.306840946887756,0,24,200,15.11,7.05241681372938,0,24,200,0.2657705936664045,0.3168510156498562,0.0,1.3293523838529673,200,0.2786864869203418,0.21227295871108826,0.0285935178399086,0.7486574649810791,200,0.05067188760032873,0.0409323706993856,0.0040405578911304,0.1413717418909073,200,47.99,0.09974842727441173,47,48,200,0.03570684523809522,7.421757981727908e-05,0.034970238095238,0.0357142857142857,200,0.4234571671485901,0.11907012662531026,0.1488847732543945,0.5528788566589355,200
piezo13,ForecastCF-exog,0.7177083333333333,0.2894127285672282,0.0,1.0,200,0.7139583333333333,0.29444055146073245,0.0,1.0,200,17.135,7.066573235057579,0,24,200,17.165,7.005939691060283,0,24,200,0.2248543423454732,0.3461836344247045,0.0,1.4167077950940783,200,0.44008704489097,0.25577293620670266,0.0,0.8195933103561401,200,0.34414534660056234,0.21261770487667442,0.0,0.6358431577682495,200,824.31,372.41210746825175,0,1008,200,0.6133258928571429,0.27709234186625875,0.0,0.75,200,0.23961957097053524,0.11328081901340206,0.0,0.3518030643463135,200
piezo13,ForecastCF-target,0.8127083333333333,0.2323095172889047,0.1666666666666666,1.0,200,0.5695833333333333,0.46953366002941066,0.0,1.0,200,13.67,11.268807840705856,0,24,200,19.345,5.698979455496472,3,24,200,0.08357011456345002,0.13633729273218753,0.0,0.5661184848773502,200,0.14459177240496499,0.12114676510400132,0.0,0.4067913293838501,200,0.06661387992324304,0.058975945826948546,0.0,0.1944252401590347,200,263.32,123.11418730421728,0,336,200,0.19592261904761904,0.09160281793468548,0.0,0.25,200,0.20253092169761655,0.13465123932729928,0.0,0.3659975528717041,200
piezo13,GA-exog,0.6252083333333334,0.3037402215846027,0.0,1.0,200,0.62,0.3092357431399022,0.0,1.0,200,14.88,7.421657835357651,0,24,200,14.955,7.345936900404441,0,24,200,0.3461618182309887,0.43157340550790535,0.0,1.8005286414639528,200,0.2752118291705846,0.0720316639611224,0.1290476620197296,0.4851415455341339,200,0.04811935172416265,0.013178273109691451,0.0235887877643108,0.1027422398328781,200,85.035,4.933097633465878,74,96,200,0.06327008928571425,0.003670459548709727,0.0550595238095238,0.0714285714285714,200,1.9647620141506195,0.7722066315377931,0.311370849609375,2.561994791030884,200
piezo13,NTD-CFE-exog,0.57625,0.3043890160430572,0.0,1.0,200,0.5752083333333333,0.30563573607911243,0.0,1.0,200,13.805,7.335257665898701,0,24,200,13.805,7.335257665898701,0,24,200,0.442506029199299,0.5027009790464424,0.0,1.9794971976674036,200,0.11619811287523131,0.16693649620623788,0.0,1.4497034549713137,200,0.051992269634103916,0.08397027050729486,0.0,0.7464286088943481,200,264.095,223.83178800520724,0,794,200,0.1964992559523809,0.16654150893244588,0.0,0.5907738095238095,200,1.1620928239822388,0.44653554229632936,0.1300294399261474,1.5458457469940186,200
piezo14,COMET-exog,0.03687499999999996,0.04673479637348886,0.0,0.2083333333333333,200,0.027708333333333314,0.04894145749632796,0.0,0.2083333333333333,200,0.665,1.1745949799118718,0,5,200,0.885,1.1216351129637327,0,5,200,2.1482432740333466,0.2794881595212966,1.460343830833067,2.902256907657859,200,0.6011241999268532,0.06241294920000063,0.3170027732849121,0.6879864931106567,200,0.4135500469058752,0.07509496446707811,0.1141093149781227,0.5107055902481079,200,847.895,23.484924598922717,810,957,200,0.630874255952381,0.01747390223134124,0.6026785714285714,0.7120535714285714,200,0.42449974179267885,0.03794711628935338,0.3668994903564453,0.5344729423522949,200
piezo14,DiffusionCF-exog,0.02979166666666664,0.04408348809236544,0.0,0.1666666666666666,200,0.028749999999999973,0.04428340975665892,0.0,0.1666666666666666,200,0.69,1.0628018341598153,0,4,200,0.715,1.0580037142167718,0,4,200,2.249550251559585,0.27529407433997327,1.5625741454415671,2.998326666144145,200,0.4376128110289574,0.09489915218114603,0.2716301381587982,0.6590871214866638,200,0.09560765609145161,0.025482921636684922,0.056832943111658,0.1764291077852249,200,134.915,3.4375658970385508,125,143,200,0.10038318452380947,0.002557712721010821,0.0930059523809523,0.1063988095238095,200,0.4983213484287262,0.028521207234196738,0.4486596584320068,0.6160786151885986,200
piezo14,DiffusionCF-target,0.031249999999999972,0.04435427585601339,0.0,0.1666666666666666,200,0.03062499999999997,0.044497139946610614,0.0,0.1666666666666666,200,0.735,1.0679313587186552,0,4,200,0.75,1.0645026205443215,0,4,200,2.2365333745576894,0.2680905851384131,1.5597151269478609,2.908996697927057,200,0.5593522484600544,0.08495237931818606,0.2850326299667358,0.7927428483963013,200,0.10424282606691118,0.017351872862760378,0.0510882437229156,0.1496466845273971,200,48.0,0.0,48,48,200,0.0357142857142857,0.0,0.0357142857142857,0.0357142857142857,200,0.4819156122207642,0.025122443161900404,0.4395217895507812,0.584813117980957,200
piezo14,ForecastCF-exog,0.038958333333333296,0.04727305168286031,0.0,0.2083333333333333,200,0.027083333333333317,0.05008194011668756,0.0,0.2083333333333333,200,0.65,1.2019665628005018,0,5,200,0.935,1.134553240388648,0,5,200,2.1004342508841636,0.2780222528822829,1.4167591158293291,2.859761690864953,200,0.8400998768210411,0.018461028125842504,0.8012834787368774,0.8949083089828491,200,0.7226655229926109,0.017326336401190162,0.6731616854667664,0.7697547078132629,200,1008.0,0.0,1008,1008,200,0.75,0.0,0.75,0.75,200,0.2955348706245422,0.01921487721841022,0.2622694969177246,0.3495895862579345,200
piezo14,ForecastCF-target,0.061874999999999965,0.08056298580453711,0.0,0.3333333333333333,200,0.004791666666666664,0.033980705884628766,0.0,0.3333333333333333,200,0.115,0.8155369412310903,0,8,200,1.485,1.9335116593088904,0,8,200,1.6268093062716336,0.33821628320209296,0.908265303543942,2.576853213035873,200,0.3809324456751347,0.050110581326032154,0.2853915393352508,0.5273961424827576,200,0.17679665666073557,0.02800093111811035,0.1207623034715652,0.2513271570205688,200,335.975,0.1565167321316917,335,336,200,0.2499813988095238,0.00011645590188371667,0.2492559523809523,0.25,200,0.3144846677780151,0.015159312246853887,0.2802722454071045,0.3630828857421875,200
piezo14,GA-exog,0.03562499999999997,0.04602375927933441,0.0,0.1666666666666666,200,0.033541666666666636,0.04664510673898425,0.0,0.1666666666666666,200,0.805,1.1194825617356223,0,4,200,0.855,1.104570222704027,0,4,200,2.212321605524322,0.2733793558871258,1.53121805576293,2.966739519737981,200,0.2572438963502645,0.08630331982205319,0.124186061322689,0.5966798067092896,200,0.043862974084913686,0.013752404120941966,0.0196183435618877,0.087027221918106,200,81.065,4.881590378464337,67,92,200,0.06031622023809519,0.0036321356982621632,0.0498511904761904,0.0684523809523809,200,2.3421492421627046,0.05685559590871831,2.233017683029175,2.4813308715820312,200
piezo14,NTD-CFE-exog,0.03416666666666664,0.04415912043241575,0.0,0.1666666666666666,200,0.03312499999999997,0.044461834868914966,0.0,0.1666666666666666,200,0.795,1.0670840368539594,0,4,200,0.82,1.0598188903779784,0,4,200,2.2539659720676153,0.27586647005452114,1.56339236477557,3.003857952096193,200,0.029351072087520108,0.099800692099216,0.0,0.6965758204460144,200,0.011582159361973897,0.04062612852656476,0.0,0.264010488986969,200,125.515,129.0970176838891,0,745,200,0.09338913690476186,0.096054328633846,0.0,0.5543154761904762,200,1.354358456134796,0.047681731998742614,1.2490193843841553,1.552983283996582,200
piezo15,COMET-exog,0.24604166666666663,0.14901251708653385,0.0,0.5416666666666666,200,0.24604166666666663,0.14901251708653385,0.0,0.5416666666666666,200,5.905,3.576300410076814,0,13,200,5.905,3.576300410076814,0,13,200,0.6217333926284998,0.29537514062746084,0.197584100075522,1.4028676583829611,200,0.39191833183169367,0.05436697739206401,0.269683688879013,0.5065191388130188,200,0.20544474635273213,0.04759452807153617,0.1148391887545585,0.3279143571853637,200,842.59,35.45627783892371,776,932,200,0.6269270833333334,0.026381159106342075,0.5773809523809523,0.6934523809523809,200,0.42631073951721193,0.037856864394687065,0.3639743328094482,0.5326130390167236,200
piezo15,DiffusionCF-exog,0.20666666666666664,0.13424364708960942,0.0,0.4583333333333333,200,0.20666666666666664,0.13424364708960942,0.0,0.4583333333333333,200,4.96,3.2218475301506273,0,11,200,4.96,3.2218475301506273,0,11,200,0.7009281553361769,0.2938499101870225,0.2968197066918332,1.4646255588192532,200,0.3983371523022652,0.09102204380829737,0.225524216890335,0.6085793972015381,200,0.07835129210725422,0.016699726081907472,0.0480551086366176,0.1324154287576675,200,135.14,3.9748455296935385,124,143,200,0.1005505952380952,0.0029574743524505348,0.0922619047619047,0.1063988095238095,200,0.5090247905254364,0.03476228713952987,0.4437587261199951,0.6169376373291016,200
piezo15,DiffusionCF-target,0.21041666666666664,0.14114409975478626,0.0,0.625,200,0.2,0.1366372481308547,0.0,0.5,200,4.8,3.279293955140512,0,12,200,5.05,3.3874583941148706,0,15,200,0.7053568909611179,0.2997512387287838,0.0930663116892246,1.4678618158509131,200,0.2850777020305395,0.21655821583171156,0.0226542335003614,0.7278026938438416,200,0.05204009914654303,0.041464824591296,0.0033282001968473,0.1371769458055496,200,47.995,0.07071067811865459,47,48,200,0.03571056547619046,5.2612111695433885e-05,0.034970238095238,0.0357142857142857,200,0.486438170671463,0.028009593845888477,0.4455151557922363,0.611274003982544,200
piezo15,ForecastCF-exog,0.3047916666666667,0.17969287477092524,0.0,0.6666666666666666,200,0.30375,0.18071016229928968,0.0,0.6666666666666666,200,7.29,4.337043895182951,0,16,200,7.31,4.312410511779989,0,16,200,0.5004996486830858,0.30550058604704466,0.1221481929874303,1.3124645473761871,200,0.5443811414390802,0.14093301928098217,0.2435254007577896,0.7625163793563843,200,0.43463158041238786,0.12764587962770843,0.1852328777313232,0.6453320384025574,200,1007.99,0.09974842727441155,1007,1008,200,0.7499925595238095,7.421757981727075e-05,0.7492559523809523,0.75,200,0.29504299402236933,0.018413230448834552,0.2634387016296386,0.3375191688537597,200
piezo15,ForecastCF-target,0.440625,0.19714237370006482,0.0416666666666666,0.875,200,0.0325,0.10087210448320144,0.0,0.875,200,0.78,2.4209305075968346,0,21,200,10.55,4.759280803739595,1,21,200,0.2615282248330612,0.23026444506952345,0.0120114105718454,0.9255399266014604,200,0.3463622926175594,0.05741257410343302,0.2331500500440597,0.5047760605812073,200,0.16618208814412352,0.027165443855255066,0.1118857041001319,0.2470478117465973,200,336.0,0.0,336,336,200,0.25,0.0,0.25,0.25,200,0.31877885341644285,0.01744021733503475,0.2831671237945556,0.3812878131866455,200
piezo15,GA-exog,0.23270833333333332,0.14099119065780108,0.0,0.5,200,0.23270833333333332,0.14099119065780108,0.0,0.5,200,5.585,3.383788575787225,0,12,200,5.585,3.383788575787225,0,12,200,0.6359601004011828,0.28194883048197855,0.2356849015709645,1.4271078233978869,200,0.250526813622564,0.11179159910559147,0.0433741398155689,0.602475106716156,200,0.03965891773579637,0.018943751580966957,0.0071542845107614,0.0941710323095321,200,73.885,7.7083635972061995,56,91,200,0.05497395833333329,0.005735389581254618,0.0416666666666666,0.0677083333333333,200,2.3519623708724975,0.06803815792921941,2.2162344455718994,2.5694150924682617,200
piezo15,NTD-CFE-exog,0.21833333333333332,0.14024436279353877,0.0,0.5,200,0.21833333333333332,0.14024436279353877,0.0,0.5,200,5.24,3.36586470704493,0,12,200,5.24,3.36586470704493,0,12,200,0.7131635580075596,0.30152603822367186,0.259676522633273,1.4671086719830229,200,0.0821610742668508,0.15768390183554454,0.0,0.9983041286468506,200,0.03227196870717644,0.0687715821471512,0.0,0.4354858994483948,200,181.26,168.42898806351744,0,738,200,0.13486607142857138,0.12531918754726,0.0,0.5491071428571429,200,1.368915033340454,0.05770323676356261,1.254934549331665,1.599489450454712,200
piezo16,COMET-exog,0.9785416666666668,0.09151402511251928,0.0,1.0,200,0.9764583333333333,0.09530592803724039,0.0,1.0,200,23.435,2.2873422728937696,0,24,200,23.435,2.2873422728937696,0,24,200,0.10836867065698311,1.0509711398972,0.0,14.036639706464332,200,0.04000513450708236,0.06550162137026415,0.0079195350408554,0.3500368297100067,200,0.020257614054717075,0.031279904427189954,0.0062721129506826,0.1616806983947754,200,901.815,47.1081379200182,835,998,200,0.6709933035714286,0.035050697857156414,0.6212797619047619,0.7425595238095238,200,0.09631021499633785,0.15955961004523167,0.0,0.5043082237243652,200
piezo16,DiffusionCF-exog,0.8833333333333333,0.2316326511788165,0.0,1.0,200,0.8808333333333332,0.23246128019414997,0.0,1.0,200,21.14,5.579070724659599,0,24,200,21.14,5.579070724659599,0,24,200,1.1455112532100284,3.2362038608602464,0.0,21.802166442601703,200,0.4098427867889404,0.12237045505900386,0.2108232527971267,0.7256225347518921,200,0.08565592279657717,0.01979977285630525,0.0498175509274005,0.1415041089057922,200,137.54,3.086426760957369,129,144,200,0.10233630952380947,0.0022964484828551803,0.0959821428571428,0.1071428571428571,200,0.2726409459114074,0.14830817072441443,0.1499617099761963,0.648857831954956,200
piezo16,DiffusionCF-target,0.9254166666666667,0.18420068544429005,0.0,1.0,200,0.9160416666666668,0.19767446389636908,0.0,1.0,200,21.985,4.744187133512857,0,24,200,22.07,4.534080882299762,0,24,200,0.5669497697494037,2.266857204732015,0.0,15.537058207629007,200,0.30238458074629304,0.1554967021792578,0.0399959571659565,0.659117579460144,200,0.0471384965605102,0.028105912222743296,0.0058762496337294,0.1228081136941909,200,47.995,0.07071067811865434,47,48,200,0.03571056547619046,5.26121116954342e-05,0.034970238095238,0.0357142857142857,200,0.2488132524490356,0.1292422398530656,0.1498415470123291,0.6329901218414307,200
piezo16,ForecastCF-exog,0.9858333333333333,0.08806103537877655,0.0,1.0,200,0.9847916666666667,0.08931402099745409,0.0,1.0,200,23.635,2.143536503938898,0,24,200,23.635,2.143536503938898,0,24,200,0.09596832759469161,1.0114259527783336,0.0,13.93842776572483,200,0.04552566242404281,0.0950749904028698,0.0,0.4390447735786438,200,0.031963105902541415,0.06882377144104021,0.0,0.3289932906627655,200,238.275,378.4315812447702,0,1008,200,0.17728794642857143,0.2815711169975969,0.0,0.75,200,0.042963407039642305,0.0814579832945427,0.0,0.3331046104431152,200
piezo16,ForecastCF-target,0.9775,0.0931076776783619,0.0,1.0,200,0.9358333333333333,0.2270618660422939,0.0,1.0,200,22.46,5.449484785015052,0,24,200,23.305,2.5797773656425087,0,24,200,0.06318178544025553,0.7128592521397388,0.0,10.067837492296324,200,0.038626667612697924,0.0909624654615665,0.0,0.4378486275672912,200,0.016977311305236057,0.041824308322744676,0.0,0.2118031233549118,200,82.975,131.88762680982492,0,336,200,0.06173735119047618,0.09813067470969108,0.0,0.25,200,0.05286035299301145,0.10230648523908334,0.0,0.3463823795318603,200
piezo16,GA-exog,1.0,0.0,1.0,1.0,200,1.0,0.0,1.0,1.0,200,24.0,0.0,24,24,200,24.0,0.0,24,24,200,0.0,0.0,0.0,0.0,200,0.1934663420170545,0.09214578369261293,0.0838651284575462,0.6033376455307007,200,0.03002635724376882,0.012116606822265973,0.0129815060645341,0.0741331800818443,200,83.215,5.1547680031044205,71,95,200,0.061915922619047575,0.003835392859452704,0.0528273809523809,0.0706845238095238,200,0.3685632479190826,0.07364151681166664,0.3107185363769531,0.8801050186157227,200
piezo16,NTD-CFE-exog,0.9633333333333333,0.14352291618653365,0.0,1.0,200,0.9629166666666668,0.1438404753754157,0.0,1.0,200,23.11,3.452171409009977,0,24,200,23.11,3.452171409009977,0,24,200,0.4773038613050526,2.2920136191011813,0.0,21.834067355904025,200,0.052554725738705156,0.09798287597239169,0.0,0.5229048728942871,200,0.025094316819362875,0.052652690835496035,0.0,0.3134929239749908,200,197.8,228.45410125867636,0,948,200,0.14717261904761902,0.1699807301031818,0.0,0.7053571428571429,200,0.48844762802124025,0.5118204201707833,0.1325197219848632,1.542243242263794,200
piezo17,COMET-exog,0.06020833333333332,0.07550055141215806,0.0,0.25,200,0.05749999999999998,0.07560014859704328,0.0,0.25,200,1.38,1.8144035663290392,0,6,200,1.445,1.8120132338917934,0,6,200,1.0956539551110438,0.3574059189808243,0.5654460796482242,1.981108554655708,200,0.5736758598685264,0.020821040272433502,0.5135263800621033,0.6190456748008728,200,0.3852887199819088,0.02430962102179015,0.3265864253044128,0.4375165402889251,200,780.105,15.702765975982736,751,825,200,0.5804352678571428,0.011683605636891976,0.5587797619047619,0.6138392857142857,200,0.4306942987442017,0.036871563217714794,0.3662309646606445,0.5383279323577881,200
piezo17,DiffusionCF-exog,0.04166666666666665,0.060243318285944536,0.0,0.2083333333333333,200,0.04166666666666665,0.060243318285944536,0.0,0.2083333333333333,200,1.0,1.4458396388626684,0,5,200,1.0,1.4458396388626684,0,5,200,1.1825130380302717,0.3496949366996833,0.6606938513897701,2.0394261250013126,200,0.4672098770737648,0.13010764930880672,0.2616057991981506,0.7523137927055359,200,0.09561663905158635,0.020822972125207655,0.0557137504220008,0.1434651613235473,200,132.185,3.6160967601675913,123,142,200,0.09835193452380947,0.002690548184648491,0.0915178571428571,0.1056547619047619,200,0.5180186307430268,0.03670557062156646,0.4486908912658691,0.6329262256622314,200
piezo17,DiffusionCF-target,0.045416666666666654,0.06815113390051773,0.0,0.2083333333333333,200,0.04416666666666665,0.06808069078560221,0.0,0.2083333333333333,200,1.06,1.6339365788544524,0,5,200,1.09,1.635627213612426,0,5,200,1.1085816555001307,0.3652641867016691,0.5739804680418192,2.0795881277533392,200,0.6097521089017391,0.10012228576549739,0.4158375859260559,0.8333843946456909,200,0.11508111026138064,0.018945241202859793,0.0784785002470016,0.1574204266071319,200,48.0,0.0,48,48,200,0.0357142857142857,0.0,0.0357142857142857,0.0357142857142857,200,0.4956756782531738,0.029625688712221075,0.4473419189453125,0.5847172737121582,200
piezo17,ForecastCF-exog,0.06874999999999998,0.08288720615827042,0.0,0.2916666666666667,200,0.06083333333333332,0.08183749609883922,0.0,0.25,200,1.46,1.9640999063721414,0,6,200,1.64,1.964611537292376,0,6,200,1.0347979703124164,0.36351081413208036,0.506956086916972,1.9318292574032916,200,0.8156040620803833,0.019752899208844064,0.7648416757583618,0.8650262355804443,200,0.6968273463845253,0.019423115818573155,0.6457930207252502,0.7415155172348022,200,1007.985,0.1218574832792638,1007,1008,200,0.7499888392857144,9.06677702970608e-05,0.7492559523809523,0.75,200,0.30420927643775936,0.024312919848069527,0.2640113830566406,0.5149147510528564,200
piezo17,ForecastCF-target,0.16249999999999998,0.11888299217779527,0.0,0.4583333333333333,200,0.028749999999999994,0.07299693476198468,0.0,0.25,200,0.69,1.751926434287633,0,6,200,3.38,2.6306274926384265,0,11,200,0.5620818585562175,0.3420637458049577,0.1536753652685979,1.5194366498565577,200,0.39128913640975954,0.02523152192975214,0.3225166201591491,0.4521756768226623,200,0.18907565958797928,0.014579790718018423,0.1537455469369888,0.2238858491182327,200,336.0,0.0,336,336,200,0.25,0.0,0.25,0.25,200,0.32480295419692995,0.019140725172107603,0.2864947319030761,0.4499135017395019,200
piezo17,GA-exog,0.047708333333333325,0.06449529986467449,0.0,0.2083333333333333,200,0.047708333333333325,0.06449529986467449,0.0,0.2083333333333333,200,1.145,1.547887196752188,0,5,200,1.145,1.547887196752188,0,5,200,1.1659571102017494,0.35027293732673004,0.6565014101796661,2.0270009213826152,200,0.2123937294632196,0.1104824815379753,0.0760515555739402,0.6460614800453186,200,0.03315908052027221,0.015330756044246071,0.0124279279261827,0.0943778157234191,200,73.22,5.402549184268679,61,85,200,0.05447916666666661,0.004019753857342778,0.0453869047619047,0.0632440476190476,200,2.3582065749168395,0.07520545426899984,2.1961748600006104,2.688349723815918,200
piezo17,NTD-CFE-exog,0.046041666666666654,0.0643598893081614,0.0,0.2083333333333333,200,0.046041666666666654,0.0643598893081614,0.0,0.2083333333333333,200,1.105,1.5446373433958747,0,5,200,1.105,1.5446373433958747,0,5,200,1.1972956978035894,0.34613632710105624,0.6693136589775968,2.039969083447874,200,0.03437160956609655,0.12870377223024815,0.0,1.4690934419631958,200,0.014140633830131678,0.059199542769623574,0.0,0.6805604100227356,200,119.28,143.56162894914735,0,817,200,0.08874999999999997,0.10681668820621083,0.0,0.6078869047619048,200,1.3754779064655305,0.0544622723202772,1.265805721282959,1.519012451171875,200
piezo18,COMET-exog,0.23083333333333333,0.16837690366023728,0.0,0.7083333333333334,200,0.22291666666666668,0.17407879496510986,0.0,0.7083333333333334,200,5.35,4.177891079162636,0,17,200,5.525,4.0411669293353585,0,17,200,0.46793179513317457,0.4541753236420536,0.039249680174068,1.6932658046335205,200,0.5591039662808179,0.13783043260017624,0.1801376342773437,0.7195455431938171,200,0.3873483694903552,0.14864136841653028,0.0497763939201831,0.5558086633682251,200,939.7,41.94588521454951,772,994,200,0.6991815476190476,0.031209736022730326,0.5744047619047619,0.7395833333333334,200,0.4339330089092255,0.04059823778762938,0.3678443431854248,0.5387423038482666,200
piezo18,DiffusionCF-exog,0.15562499999999999,0.12485876303371471,0.0,0.5416666666666666,200,0.15562499999999999,0.12485876303371471,0.0,0.5416666666666666,200,3.735,2.9966103128091546,0,13,200,3.735,2.9966103128091546,0,13,200,0.5655459912211447,0.42298012476647157,0.0864916248395755,1.7199137294270637,200,0.3889741084724665,0.10623745895533351,0.2074584066867828,0.6442740559577942,200,0.08341556802392,0.024117048482422368,0.0444345138967037,0.1493816673755645,200,133.575,4.076452172117043,121,142,200,0.09938616071428567,0.003033074532825181,0.0900297619047619,0.1056547619047619,200,0.5166751158237457,0.0423302938734581,0.451138973236084,0.6824989318847656,200
piezo18,DiffusionCF-target,0.186875,0.15031707948805412,0.0,0.625,200,0.18416666666666665,0.1505132666558643,0.0,0.625,200,4.42,3.612318399740743,0,15,200,4.455,3.5948001251388777,0,15,200,0.514358255016235,0.4286404019082239,0.0608965074340609,1.6682709290664552,200,0.4123050695750862,0.2708500499188951,0.0206246096640825,1.020816445350647,200,0.077219314079266,0.05153366087645021,0.0030795722268521,0.1927891224622726,200,48.0,0.0,48,48,200,0.0357142857142857,0.0,0.0357142857142857,0.0357142857142857,200,0.49339534640312194,0.03225041704807947,0.4336073398590088,0.5921764373779297,200
piezo18,ForecastCF-exog,0.30125,0.21334875821015625,0.0,0.7916666666666666,200,0.2833333333333333,0.22591244357229204,0.0,0.7916666666666666,200,6.8,5.421898645735009,0,19,200,7.22,5.123754904521491,0,19,200,0.4029126306984314,0.4678364937048067,0.0149309757685847,1.662474880203468,200,0.7530402825772762,0.14460283091456963,0.3064094483852386,1.0494585037231443,200,0.6225032755732536,0.14486382118679536,0.1592868566513061,0.8630113005638123,200,982.985,90.81526212135746,504,1008,200,0.7313876488095238,0.06757087955458142,0.375,0.75,200,0.30189628601074214,0.019717003294649014,0.2583372592926025,0.3711955547332763,200
piezo18,ForecastCF-target,0.385625,0.2644483970533304,0.0,0.9583333333333334,200,0.12395833333333334,0.259030018454689,0.0,0.9583333333333334,200,2.975,6.216720442912536,0,23,200,9.24,6.340616459416789,0,23,200,0.3102040476261091,0.45820770928388727,0.0004383105740792,1.5813472084720337,200,0.31566271074116226,0.12300162601491678,0.0903116390109062,0.5429529547691345,200,0.14913717844523486,0.06331776597210408,0.0263957940042018,0.2590606808662414,200,327.63,29.7489174668972,175,336,200,0.24377232142857141,0.022134611210489014,0.1302083333333333,0.25,200,0.32221478939056397,0.017907472875385157,0.2847537994384765,0.3678512573242187,200
piezo18,GA-exog,0.185,0.13933318105671597,0.0,0.5833333333333334,200,0.185,0.13933318105671597,0.0,0.5833333333333334,200,4.44,3.343996345361181,0,14,200,4.44,3.343996345361181,0,14,200,0.5259418275794805,0.43584928892055874,0.0676557727083058,1.717669688411669,200,0.22365059062838552,0.096909360301485,0.0894393920898437,0.558131754398346,200,0.037447758675552854,0.017207769852294108,0.0149560440331697,0.0999284461140632,200,72.135,5.2367828360895246,58,87,200,0.05367187499999995,0.0038964158006618487,0.0431547619047619,0.0647321428571428,200,2.3423227632045744,0.06395765091148764,2.2428524494171143,2.6327898502349854,200
piezo18,NTD-CFE-exog,0.16895833333333332,0.13433183882813512,0.0,0.625,200,0.16895833333333332,0.13433183882813512,0.0,0.625,200,4.055,3.2239641318752423,0,15,200,4.055,3.2239641318752423,0,15,200,0.5641980482128183,0.42903551642469734,0.0665017631046405,1.7225609569265945,200,0.07052510765757684,0.16855529701385005,0.0,1.076083064079285,200,0.031541742594404204,0.08839079846654901,0.0,0.622856855392456,200,162.335,182.136932238981,0,939,200,0.12078497023809519,0.13551855077305128,0.0,0.6986607142857143,200,1.3721787345409393,0.05434849146927668,1.2647440433502195,1.5436651706695557,200
piezo2,COMET-exog,0.06624999999999996,0.028694734224144782,0.0,0.125,200,0.0658333333333333,0.02934707307269527,0.0,0.125,200,1.58,0.7043297537446864,0,3,200,1.59,0.6886736213794745,0,3,200,0.9912400062487654,0.05833574994940186,0.8560627117801248,1.1300585522356748,200,0.4731224289536476,0.08445088769816965,0.3026341199874878,0.6593245267868042,200,0.28140444099903106,0.0854068001109866,0.1285248547792434,0.4987680315971374,200,903.265,29.549290649513807,843,996,200,0.6720721726190476,0.02198607935231682,0.6272321428571429,0.7410714285714286,200,0.39975305676460265,0.02953526961924475,0.3498413562774658,0.485919713973999,200
piezo2,DiffusionCF-exog,0.053958333333333296,0.030921289052925727,0.0,0.125,200,0.053958333333333296,0.030921289052925727,0.0,0.125,200,1.295,0.7421109372702172,0,3,200,1.295,0.7421109372702172,0,3,200,1.038394103735542,0.05505045974312486,0.8815700201546637,1.1891065437875834,200,0.5174813306331635,0.09744896849352798,0.339182436466217,0.7810283899307251,200,0.11661909636110064,0.021136843259071017,0.0708134770393371,0.1785378754138946,200,134.83,3.8189029970009174,122,143,200,0.10031994047619044,0.0028414456822923443,0.0907738095238095,0.1063988095238095,200,0.477485898733139,0.02173552323291029,0.4340264797210693,0.5697379112243652,200
piezo2,DiffusionCF-target,0.08104166666666662,0.04541312243174388,0.0,0.2083333333333333,200,0.05937499999999996,0.04985278089236747,0.0,0.1666666666666666,200,1.425,1.19646674141682,0,4,200,1.85,1.011243326468281,0,4,200,0.8205194458558808,0.18199262891639975,0.4076095495417894,1.0902367051009785,200,0.2615885966178029,0.13436656662637048,0.0138363568112254,0.4890905320644378,200,0.04926577973994422,0.02551806176965901,0.0020970602054148,0.0923874005675315,200,48.0,0.0,48,48,200,0.0357142857142857,0.0,0.0357142857142857,0.0357142857142857,200,0.46459203362464907,0.020825763691716317,0.4165873527526855,0.5321273803710938,200
piezo2,ForecastCF-exog,0.06812499999999995,0.02776372830073253,0.0,0.125,200,0.06729166666666662,0.02914347606406269,0.0,0.125,200,1.615,0.6994434255375043,0,3,200,1.635,0.6663294792175805,0,3,200,0.9588245913019366,0.05574418634140193,0.8222518586005799,1.087165783496797,200,0.8315841230750084,0.02501876917845496,0.7752230167388916,0.8983673453330994,200,0.7063213703036308,0.0242808224537137,0.6478524804115295,0.7611494660377502,200,1007.995,0.07071067811865038,1007,1008,200,0.7499962797619049,5.2612111695429446e-05,0.7492559523809523,0.75,200,0.2765516066551208,0.015056496750237678,0.2448258399963379,0.333155870437622,200
piezo2,ForecastCF-target,0.1252083333333333,0.05929417748420796,0.0,0.25,200,0.0,0.0,0.0,0.0,200,0.0,0.0,0,0,200,2.985,1.4440225084897829,0,6,200,0.35038334214399974,0.041727674737045396,0.2381365422341682,0.4192283627884633,200,0.26863191984593865,0.024985574845079284,0.2389150857925415,0.3355491161346435,200,0.1336294914409518,0.012149235895866398,0.1191692128777504,0.1659056991338729,200,336.0,0.0,336,336,200,0.25,0.0,0.25,0.25,200,0.29931535124778746,0.01352241092566606,0.2668533325195312,0.3352901935577392,200
piezo2,GA-exog,0.05770833333333329,0.03144724185203691,0.0,0.125,200,0.05770833333333329,0.03144724185203691,0.0,0.125,200,1.385,0.7547338044488863,0,3,200,1.385,0.7547338044488863,0,3,200,1.0345479700469113,0.05459088701976241,0.8709931941199045,1.1888763454159044,200,0.27231739856302734,0.08255222178412858,0.1059530824422836,0.6383266448974609,200,0.042708923816680865,0.013616913250631909,0.013733479194343,0.0889822468161583,200,82.23,6.337025283777568,68,97,200,0.06118303571428567,0.004715048574239264,0.050595238095238,0.072172619047619,200,2.277471605539322,0.05999733870711696,2.1323704719543457,2.4334704875946045,200
piezo2,NTD-CFE-exog,0.058749999999999955,0.03017663892105526,0.0,0.125,200,0.058541666666666624,0.030437869781018725,0.0,0.125,200,1.405,0.7305088747444495,0,3,200,1.41,0.7242393341053263,0,3,200,1.0421560560527219,0.05543116981820298,0.8502030286453005,1.1877850360159097,200,0.041157015351500334,0.1871242181129695,0.0,1.6656386852264404,200,0.01560027631053767,0.07400751356449611,0.0,0.6876178979873657,200,126.645,135.01177679881062,0,720,200,0.09422991071428567,0.10045519107054364,0.0,0.5357142857142857,200,1.3309962224960328,0.050657748203334275,1.2080659866333008,1.5161590576171875,200
piezo3,COMET-exog,0.6745833333333333,0.26962314985347,0.0416666666666666,1.0,200,0.6704166666666667,0.27077905009407427,0.0,1.0,200,16.09,6.498697202257787,0,24,200,16.11,6.452602606856404,1,24,200,0.1933381745865727,0.2280884136518804,0.0,0.762868543710948,200,0.19983953688293693,0.12467495937935823,0.0071597089990973,0.6064216494560242,200,0.07000775289721782,0.06462330142874621,0.0051263161003589,0.3402007222175598,200,797.09,58.48404756081334,685,945,200,0.5930729166666666,0.043514916339890866,0.5096726190476191,0.703125,200,0.33061386585235597,0.14673989475850488,0.0,0.5316998958587646,200
piezo3,DiffusionCF-exog,0.47958333333333336,0.26717229858294617,0.0416666666666666,1.0,200,0.475,0.2662895155389815,0.0416666666666666,1.0,200,11.4,6.390948372935557,1,24,200,11.4,6.390948372935557,1,24,200,0.48754637825574754,0.364494800756893,0.0,1.6363041566917549,200,0.42349433451890944,0.07014177708860175,0.2856110036373138,0.6064313054084778,200,0.09336808938533064,0.017032488195422406,0.0648772493004798,0.150716170668602,200,137.7,3.1077791841259117,128,144,200,0.1024553571428571,0.002312335702474648,0.0952380952380952,0.1071428571428571,200,0.43646481037139895,0.10046640053441049,0.161644697189331,0.5634498596191406,200
piezo3,DiffusionCF-target,0.528125,0.27786304351601376,0.0833333333333333,1.0,200,0.51625,0.2834844778650084,0.0,1.0,200,12.39,6.803627468760199,0,24,200,12.59,6.631120478016506,2,24,200,0.39333570104358856,0.3258129466179353,0.0,1.2141450717714406,200,0.21833678796887393,0.17202722092856215,0.0240198168903589,0.8038288950920105,200,0.038411734350956926,0.03246883695021696,0.0036245118826627,0.1512999534606933,200,47.985,0.12185748327926259,47,48,200,0.03570312499999998,9.066777029707957e-05,0.034970238095238,0.0357142857142857,200,0.41811307549476623,0.10531140830589188,0.1486170291900634,0.5510823726654053,200
piezo3,ForecastCF-exog,0.7033333333333333,0.2615145617296481,0.125,1.0,200,0.6991666666666667,0.26498106292228885,0.0,1.0,200,16.78,6.359545510134935,0,24,200,16.815,6.277564342191306,2,24,200,0.1704087879864428,0.2124134262727722,0.0,0.7198769631589,200,0.3812242753338069,0.23935795144559166,0.0,0.8706334233283997,200,0.20964264100068244,0.1598257858623906,0.0,0.6242186427116394,200,516.155,264.3097409685354,0,1008,200,0.3840438988095238,0.1966590334587317,0.0,0.75,200,0.22508301615715023,0.10017018897730622,0.0,0.3165931701660156,200
piezo3,ForecastCF-target,0.7516666666666667,0.2343228003475171,0.1666666666666666,1.0,200,0.4577083333333334,0.47302067662089325,0.0,1.0,200,10.985,11.35249623890144,0,24,200,17.99,5.647955115342598,4,24,200,0.08578893240923004,0.12705210290060115,0.0,0.616122039000856,200,0.16480025690980252,0.10452601634370014,0.0,0.4273369014263153,200,0.0533844357807538,0.0421257510455089,0.0,0.1989534497261047,200,169.015,89.35247112126993,0,336,200,0.1257552083333333,0.06648249339380209,0.0,0.25,200,0.2367672491073608,0.11549606190361993,0.0,0.3338363170623779,200
piezo3,GA-exog,0.5297916666666667,0.2609741520270587,0.0416666666666666,1.0,200,0.5289583333333333,0.26163588129351545,0.0416666666666666,1.0,200,12.695,6.279261151044369,1,24,200,12.695,6.279261151044369,1,24,200,0.39245743404566874,0.3188480578283498,0.0,1.4838237470883169,200,0.32112490609288213,0.08841892975521325,0.1305997967720031,0.6697909832000732,200,0.06052243510261174,0.017858558347050284,0.0231113880872726,0.1210833415389061,200,86.5,4.840158641862059,72,96,200,0.06436011904761901,0.0036013085132902234,0.0535714285714285,0.0714285714285714,200,1.9842087817192078,0.7129853592847529,0.2994837760925293,2.5234625339508057,200
piezo3,NTD-CFE-exog,0.6625,0.32220754120466655,0.0833333333333333,1.0,200,0.6575,0.32261775623599726,0.0833333333333333,1.0,200,15.78,7.742826149663931,2,24,200,15.785,7.734200949135473,2,24,200,0.3116079051522943,0.36382670686622115,0.0,1.4284271198988516,200,0.2006708484249452,0.22643308773504486,0.0,1.0728752613067627,200,0.09107214759704728,0.10786199293067192,0.0,0.506659209728241,200,331.105,228.90849585011432,0,931,200,0.24635788690476187,0.17031882131704937,0.0,0.6927083333333334,200,1.1618147695064545,0.3629873021897011,0.1317119598388672,1.4555952548980713,200
piezo4,COMET-exog,0.1164583333333333,0.06528850577704827,0.0,0.3333333333333333,200,0.10208333333333332,0.08042994982335488,0.0,0.3333333333333333,200,2.45,1.9303187957605168,0,8,200,2.795,1.5669241386491588,0,8,200,0.7712328088482707,0.0966939126345379,0.4038518403636815,0.9402938377569412,200,0.27369258560240267,0.05747677963658055,0.1790068000555038,0.4437447190284729,200,0.09159883733838793,0.03408533573715443,0.0418530255556106,0.2050271332263946,200,814.0,33.17745798871539,736,864,200,0.6056547619047619,0.024685608622555998,0.5476190476190477,0.6428571428571429,200,0.4047236096858978,0.03157948458735264,0.3506703376770019,0.4763214588165283,200
piezo4,DiffusionCF-exog,0.08854166666666663,0.05165759835585693,0.0,0.2916666666666667,200,0.0870833333333333,0.052868248005059834,0.0,0.2916666666666667,200,2.09,1.2688379521214352,0,7,200,2.125,1.239782360540566,0,7,200,0.8625910774881278,0.09870279296296013,0.4836644013356566,1.0633753126190204,200,0.42567126244306563,0.08898196883729417,0.2800072133541107,0.7109718322753906,200,0.0926112940907478,0.016981970181340154,0.0626759603619575,0.1547883749008178,200,137.155,3.367144683048658,127,144,200,0.10204985119047615,0.0025053159844112076,0.0944940476190476,0.1071428571428571,200,0.4854073405265808,0.028563160565589774,0.4459896087646484,0.6339511871337891,200
piezo4,DiffusionCF-target,0.0983333333333333,0.058036454397941244,0.0,0.2916666666666667,200,0.08416666666666664,0.06320581361213432,0.0,0.2916666666666667,200,2.02,1.516939526691223,0,7,200,2.36,1.3928749055505893,0,7,200,0.810576473441673,0.14539919318193237,0.2692727588379118,1.073003693654267,200,0.107673731544055,0.09253352745498136,0.0152421379461884,0.3734171390533447,200,0.019531784575665324,0.017751984727583204,0.0024067994672805,0.0703377723693847,200,47.985,0.1218574832792633,47,48,200,0.03570312499999998,9.066777029708106e-05,0.034970238095238,0.0357142857142857,200,0.4683768880367279,0.0218339205267687,0.4164876937866211,0.5504772663116455,200
piezo4,ForecastCF-exog,0.12291666666666662,0.07134813908872317,0.0,0.375,200,0.08583333333333332,0.09549453987975089,0.0,0.375,200,2.06,2.2918689571140223,0,9,200,2.95,1.7123553381293564,0,9,200,0.7281995607271972,0.09569585633742263,0.3722564105477873,0.8843186501505264,200,0.4958228498697281,0.11975276202287834,0.3233526945114136,0.8002744913101196,200,0.33309613190591336,0.1493374829001125,0.1199990808963775,0.6675278544425964,200,803.24,210.34588027040994,299,1008,200,0.5976488095238095,0.156507351391674,0.222470238095238,0.75,200,0.27949964761734003,0.016330172468350054,0.2484865188598632,0.3177530765533447,200
piezo4,ForecastCF-target,0.1295833333333333,0.11292068808627714,0.0,0.5,200,0.0,0.0,0.0,0.0,200,0.0,0.0,0,0,200,3.095,2.718996082838749,0,12,200,0.39153055134127224,0.08248010514597688,0.1180152617720686,0.4989024201931873,200,0.22689287006855008,0.09641384819694421,0.0740520134568214,0.4806772470474243,200,0.10141845788806673,0.05185628631744801,0.0157841891050338,0.2347669601440429,200,299.145,67.27259460526719,104,336,200,0.222578125,0.0500540138432048,0.0773809523809523,0.25,200,0.3014580833911895,0.014014044659855417,0.2730014324188232,0.3490369319915771,200
piezo4,GA-exog,0.10979166666666665,0.0531952088863701,0.0,0.3333333333333333,200,0.10791666666666665,0.05560282048608523,0.0,0.3333333333333333,200,2.59,1.3344676916660456,0,8,200,2.635,1.2766850132728818,0,8,200,0.8167887381571477,0.09466831658869501,0.4521375382531556,0.99605019822161,200,0.3464479199051857,0.09221011387897751,0.1603562086820602,0.679267406463623,200,0.06169977125711735,0.01748085346507883,0.0276627428829669,0.099542535841465,200,82.8,5.6247836362631665,66,94,200,0.06160714285714281,0.00418510687221962,0.0491071428571428,0.0699404761904761,200,2.305353425741196,0.07320398388276922,2.1778149604797363,2.8822948932647705,200
piezo4,NTD-CFE-exog,0.1039583333333333,0.0602429562456843,0.0,0.375,200,0.10229166666666664,0.06150414036895183,0.0,0.375,200,2.455,1.476099368854843,0,9,200,2.495,1.4458309498964224,0,9,200,0.8504063623550796,0.11484351008453408,0.3693920525328812,1.0604395107273958,200,0.13749572614683525,0.25733268431263584,0.0,1.6105684041976929,200,0.05573127730044458,0.10628878548451688,0.0,0.6572436094284058,200,211.145,187.74524055687476,0,817,200,0.15710193452380947,0.13969139922386517,0.0,0.6078869047619048,200,1.3366442549228668,0.051716053004798083,1.2186753749847412,1.5469489097595217,200
piezo5,COMET-exog,0.7045833333333333,0.19360365999535176,0.0416666666666666,1.0,200,0.6877083333333333,0.22817940608121423,0.0,1.0,200,16.505,5.47630574594914,0,24,200,16.87,4.657419649220447,1,24,200,0.08097764580305673,0.10361858132253629,0.0,0.8469436393088211,200,0.20397600764874366,0.09942556643778881,0.006868002936244,0.4901730120182037,200,0.0880561499553732,0.05830894796628785,0.0047171046026051,0.2961693406105041,200,827.03,45.95988091005385,634,894,200,0.6153497023809524,0.03419633996283766,0.4717261904761904,0.6651785714285714,200,0.37832736134529116,0.106853312157286,0.0,0.5334107875823975,200
piezo5,DiffusionCF-exog,0.5052083333333334,0.23772699560978075,0.0416666666666666,1.0,200,0.5052083333333334,0.23772699560978075,0.0416666666666666,1.0,200,12.125,5.705447894634738,1,24,200,12.125,5.705447894634738,1,24,200,0.27167066497702946,0.26655091747896853,0.0,1.6255949453904794,200,0.4337315593659878,0.07586947698252552,0.2678616940975189,0.6266022324562073,200,0.09899442546069619,0.019885014619019176,0.0651235282421112,0.1681815981864929,200,136.55,3.196653400796547,128,144,200,0.10159970238095234,0.0023784623517831382,0.0952380952380952,0.1071428571428571,200,0.4639469242095947,0.07667067595742509,0.1494402885437011,0.6173441410064697,200
piezo5,DiffusionCF-target,0.508125,0.24509059717492693,0.0416666666666666,1.0,200,0.48625,0.26193289756202315,0.0,1.0,200,11.67,6.286389541488556,0,24,200,12.185,5.876516162749429,1,24,200,0.2788473920195999,0.27558838930325735,0.0,1.63707536751092,200,0.10303861975669858,0.06870673995399214,0.0240153297781944,0.3720164000988006,200,0.016860066894441795,0.012418265819750212,0.0037017322611063,0.069317378103733,200,47.99,0.09974842727441253,47,48,200,0.03570684523809522,7.421757981727771e-05,0.034970238095238,0.0357142857142857,200,0.44882482767105103,0.07493364990755241,0.1511988639831543,0.5973944664001465,200
piezo5,ForecastCF-exog,0.7427083333333333,0.18584381613326523,0.0416666666666666,1.0,200,0.7241666666666667,0.2245396680653482,0.0,1.0,200,17.38,5.388952033568354,0,24,200,17.765,4.452967504708512,1,24,200,0.0614709250274016,0.07975049736080339,0.0,0.6416298531869616,200,0.3096339424024336,0.1562655481289918,0.0,0.6422241926193237,200,0.22027024681447072,0.11978265400223514,0.0,0.5069394111633301,200,915.79,244.16201866134688,0,1008,200,0.681391369047619,0.1816681686468355,0.0,0.75,200,0.24906976819038387,0.08323440712104359,0.0,0.3224062919616699,200
piezo5,ForecastCF-target,0.8139583333333333,0.21486322227248544,0.2916666666666667,1.0,200,0.46458333333333335,0.4995941610904243,0.0,1.0,200,11.15,11.990259866170181,0,24,200,19.515,5.1538905634189085,7,24,200,0.033229948412559406,0.05273126485370917,0.0,0.2467202276131062,200,0.10330254751490425,0.06596691748650771,0.0,0.3280214965343475,200,0.04421220137388441,0.028825174769680717,0.0,0.1418637633323669,200,302.335,81.04036326045764,0,336,200,0.2249516369047619,0.060297889330697636,0.0,0.25,200,0.19767237305641172,0.12335638015954911,0.0,0.3642392158508301,200
piezo5,GA-exog,0.6610416666666667,0.2407080239744723,0.0416666666666666,1.0,200,0.6575,0.24032652736293417,0.0416666666666666,1.0,200,15.78,5.767836656710423,1,24,200,15.78,5.767836656710423,1,24,200,0.12567012919133197,0.1591086426610167,0.0,1.0946269533799249,200,0.33065630033612253,0.11413814673499413,0.1160773634910583,0.582334041595459,200,0.06161727877333756,0.02325711298171679,0.0198921523988246,0.1196138635277748,200,80.185,4.630114990377734,68,91,200,0.059661458333333285,0.003445026034507248,0.050595238095238,0.0677083333333333,200,1.943341956138611,0.735768091398622,0.3157978057861328,2.565305709838867,200
piezo5,NTD-CFE-exog,0.6160416666666666,0.24434837039909757,0.0416666666666666,1.0,200,0.6104166666666666,0.24736008458544706,0.0,1.0,200,14.65,5.936642030050726,0,24,200,14.73,5.8453348662409805,1,24,200,0.17104372209828292,0.1888678252297407,0.0,1.3228190504410542,200,0.2627966829186334,0.2861246499983429,0.0,1.6046698093414309,200,0.11845860883870951,0.1323918668163395,0.0,0.7401846051216125,200,367.865,214.08455750898773,0,907,200,0.27370907738095235,0.15928910528942544,0.0,0.6748511904761905,200,1.2662175393104553,0.2695720203687868,0.13423752784729,1.5285227298736572,200
piezo6,COMET-exog,0.12249999999999997,0.04211235669331101,0.0416666666666666,0.25,200,0.11562499999999998,0.05356457342276839,0.0,0.25,200,2.775,1.285549762146442,0,6,200,2.94,1.0106965606394642,1,6,200,0.6833390434569179,0.09294980051770182,0.4023410868008946,0.8631829133196819,200,0.42695193335413933,0.07123231841899035,0.2711947560310364,0.5802569389343262,200,0.22084594115614886,0.058210905009456235,0.1059859246015548,0.3545998334884643,200,898.48,23.427844962735907,854,1003,200,0.6685119047619048,0.017431432263940384,0.6354166666666666,0.7462797619047619,200,0.4086959171295166,0.03500316790020326,0.3594214916229248,0.5141386985778809,200
piezo6,DiffusionCF-exog,0.08854166666666664,0.03417527060028956,0.0,0.1666666666666666,200,0.0870833333333333,0.03597906752310984,0.0,0.1666666666666666,200,2.09,0.8634976205546355,0,4,200,2.125,0.820206494406949,0,4,200,0.8065656683005556,0.07290255105206377,0.5788447602190286,0.953323972680444,200,0.5229259605705738,0.10305399574936985,0.2941868007183075,0.8133784532546997,200,0.11775293260812755,0.027797391988542513,0.066927820444107,0.2048091888427734,200,135.725,3.4348750827607746,126,144,200,0.10098586309523805,0.0025557106270541435,0.09375,0.1071428571428571,200,0.4854204595088959,0.02824710903223453,0.4400064945220947,0.5997545719146729,200
piezo6,DiffusionCF-target,0.09395833333333331,0.04575760837474396,0.0,0.3333333333333333,200,0.0795833333333333,0.046737129741592096,0.0,0.3333333333333333,200,1.91,1.12169111379821,0,8,200,2.125,0.9768038332455583,0,8,200,0.7460393205397239,0.18338076204929982,0.1745772156571359,1.0297057649921708,200,0.14633742383215573,0.0799607979327248,0.0131669742986559,0.4086802303791046,200,0.027204352965345558,0.015331938198733373,0.0019818271975964,0.0771907418966293,200,48.0,0.0,48,48,200,0.0357142857142857,0.0,0.0357142857142857,0.0357142857142857,200,0.46878573179245,0.018786121733023645,0.4311597347259521,0.5295250415802002,200
piezo6,ForecastCF-exog,0.13041666666666665,0.044854983781878514,0.0,0.2916666666666667,200,0.12104166666666664,0.05916160888566853,0.0,0.2916666666666667,200,2.905,1.4198786132560448,0,7,200,3.13,1.076519610765084,0,7,200,0.6506235475816954,0.09038346600593554,0.3692143947402453,0.8210691919015236,200,0.7123734724521636,0.0856375262213411,0.5297860503196716,0.8620190024375916,200,0.5906945151090622,0.07544538514648412,0.4383846521377563,0.7251979112625122,200,1007.99,0.09974842727441921,1007,1008,200,0.7499925595238095,7.421757981728163e-05,0.7492559523809523,0.75,200,0.2814907884597778,0.016269009583585185,0.2488391399383545,0.3331353664398193,200
piezo6,ForecastCF-target,0.17499999999999996,0.08447707574291866,0.0416666666666666,0.4166666666666667,200,0.0,0.0,0.0,0.0,200,0.0,0.0,0,0,200,4.14,1.9773592867113754,1,9,200,0.23084868115732196,0.047376393119606494,0.0959509415810107,0.3343716940411732,200,0.23189199715852735,0.021101093786959478,0.1564097851514816,0.3007441163063049,200,0.11394475661218163,0.010463773350637967,0.0728639066219329,0.1467530578374862,200,336.0,0.0,336,336,200,0.25,0.0,0.25,0.25,200,0.30555664658546444,0.01633758827155257,0.2681038379669189,0.3497292995452881,200
piezo6,GA-exog,0.0958333333333333,0.033154882463308166,0.0416666666666666,0.2083333333333333,200,0.09395833333333331,0.03544344489680691,0.0,0.2083333333333333,200,2.255,0.8506426775233656,0,5,200,2.3,0.7957171791193959,1,5,200,0.7961675031270999,0.07292259429704641,0.5271767777053995,0.9552723488570016,200,0.2950746202468872,0.10524982668770255,0.1277550756931305,0.7148204445838928,200,0.04759434577077623,0.016822204053900322,0.0194447319954633,0.0973437502980232,200,76.485,7.272152087236589,57,97,200,0.0569084821428571,0.0054108274458605585,0.0424107142857142,0.072172619047619,200,2.2947789096832274,0.07051358887340682,2.135657787322998,2.53149962425232,200
piezo6,NTD-CFE-exog,0.10687499999999997,0.03997344788050006,0.0416666666666666,0.25,200,0.10583333333333331,0.0413176335883095,0.0,0.25,200,2.54,0.9916232061194276,0,6,200,2.565,0.9593627491320008,1,6,200,0.7925589306764884,0.0888830308955895,0.4986065171604892,0.9695233909599624,200,0.1654081857435858,0.2978058896779928,0.0,1.5852960348129272,200,0.07441771970893793,0.14222790514218275,0.0,0.7366477251052856,200,219.8,218.04499097767015,0,926,200,0.16354166666666664,0.162235856382195,0.0,0.6889880952380952,200,1.3351398611068725,0.05244203650308316,1.2485394477844238,1.5252764225006104,200
piezo7,COMET-exog,0.11499999999999998,0.035991189442365894,0.0416666666666666,0.25,200,0.11416666666666664,0.036711180532676094,0.0,0.25,200,2.74,0.8810683327842261,0,6,200,2.76,0.8637885466167815,1,6,200,0.8201418798579081,0.10505900996912029,0.4825546792654247,1.0583910294539496,200,0.6038125708699227,0.05364241387824519,0.4861489534378052,0.726926326751709,200,0.4009703539311886,0.07199312842540113,0.2576034665107727,0.552243709564209,200,960.25,14.803486619050299,917,994,200,0.7144717261904762,0.011014498972507671,0.6822916666666666,0.7395833333333334,200,0.40979732394218443,0.035948723440354144,0.353848934173584,0.5367152690887451,200
piezo7,DiffusionCF-exog,0.09124999999999997,0.030806101877677156,0.0416666666666666,0.2083333333333333,200,0.09124999999999997,0.030806101877677156,0.0416666666666666,0.2083333333333333,200,2.19,0.7393464450642511,1,5,200,2.19,0.7393464450642511,1,5,200,0.9789381238966041,0.10489395812243112,0.6496425190678382,1.2330055199271328,200,0.5183666515350341,0.08803322620153595,0.2657507359981537,0.7587801218032837,200,0.12849962307140228,0.025874309397948755,0.0609915144741535,0.2151226997375488,200,140.765,2.7709503476507344,131,144,200,0.10473586309523805,0.0020617190086687077,0.0974702380952381,0.1071428571428571,200,0.4872374427318573,0.02852819581927251,0.442286729812622,0.6066036224365234,200
piezo7,DiffusionCF-target,0.10645833333333331,0.06692494723386581,0.0416666666666666,0.5,200,0.08729166666666664,0.04568128044425027,0.0,0.2916666666666667,200,2.095,1.0963507306620064,0,7,200,2.43,1.209302303107667,1,8,200,0.9241393908891183,0.22867490103499333,0.0867071027533737,1.2063967572656529,200,0.09563395878300067,0.08026986476539053,0.0157708935439586,0.2912126779556274,200,0.0171615031571127,0.015415968102268031,0.0023564349394291,0.0547482073307037,200,47.995,0.0707106781186548,47,48,200,0.03571056547619046,5.261211169543334e-05,0.034970238095238,0.0357142857142857,200,0.4720950472354889,0.022200951073468055,0.4321980476379394,0.5681047439575195,200
piezo7,ForecastCF-exog,0.12604166666666664,0.03505735808168128,0.0416666666666666,0.25,200,0.1252083333333333,0.036053552783903396,0.0,0.25,200,3.005,0.8652852668136816,0,6,200,3.025,0.8413765939603512,1,6,200,0.7800522983441944,0.09988315839811912,0.4380982763884375,0.999338925868366,200,0.8670313930511475,0.07964053518956193,0.6720635294914246,1.0288307666778564,200,0.7228462125360966,0.0701216813373801,0.475453644990921,0.8705260157585144,200,1007.99,0.09974842727440998,1007,1008,200,0.7499925595238095,7.421757981727239e-05,0.7492559523809523,0.75,200,0.28388592123985285,0.016705100067568826,0.2510170936584472,0.3330178260803222,200
piezo7,ForecastCF-target,0.24104166666666665,0.10770801845253972,0.0416666666666666,0.7083333333333334,200,0.0,0.0,0.0,0.0,200,0.0,0.0,0,0,200,5.6,2.510280370334845,1,17,200,0.1772376994926176,0.04492738689598915,0.0146952459942302,0.2705970258215195,200,0.20066611640155313,0.04578510497536019,0.096672348678112,0.3141804337501526,200,0.08934426724910731,0.02170042501083824,0.0386644154787063,0.1449982970952987,200,335.96,0.19645092217682536,335,336,200,0.2499702380952381,0.00014616884090538478,0.2492559523809523,0.25,200,0.30778690218925475,0.016267010170835604,0.2767186164855957,0.3512828350067138,200
piezo7,GA-exog,0.08916666666666664,0.029842317784732078,0.0416666666666666,0.2083333333333333,200,0.08916666666666664,0.029842317784732078,0.0416666666666666,0.2083333333333333,200,2.14,0.7162156268335695,1,5,200,2.14,0.7162156268335695,1,5,200,0.9834292639669545,0.09230330241986516,0.6795701414390685,1.2335650656340231,200,0.25699645239859814,0.07397957704127485,0.0887121707201004,0.4856665730476379,200,0.04150940096471453,0.013840379322712973,0.0143330851569771,0.0923801064491272,200,84.84,5.272894564224395,73,98,200,0.06312499999999996,0.003923284646000292,0.0543154761904761,0.0729166666666666,200,2.317562975883484,0.06448169487365044,2.1687357425689697,2.483036518096924,200
piezo7,NTD-CFE-exog,0.09270833333333331,0.03138058978748464,0.0416666666666666,0.2083333333333333,200,0.09270833333333331,0.03138058978748464,0.0416666666666666,0.2083333333333333,200,2.225,0.7531341548996313,1,5,200,2.225,0.7531341548996313,1,5,200,0.9931664579587768,0.09338484076675878,0.7264710356093579,1.2329618584431217,200,0.03723235176162684,0.2605984955136031,0.0,3.551030158996582,200,0.017226682872702483,0.12027614688877221,0.0,1.6026442050933838,200,128.34,156.94317506984814,0,911,200,0.09549107142857138,0.11677319573649421,0.0,0.6778273809523809,200,1.3467409110069275,0.05521558991708156,1.230372190475464,1.5641567707061768,200
piezo8,COMET-exog,0.5266666666666666,0.2027966115635109,0.0,0.9583333333333334,200,0.5233333333333333,0.2018738985359575,0.0,0.9583333333333334,200,12.56,4.844973564862982,0,23,200,12.56,4.844973564862982,0,23,200,0.17151008675667395,0.13822856036894937,2.9345225444288303e-05,0.7189011995941499,200,0.2926408478245139,0.0883255353664555,0.1059308871626854,0.4525262713432312,200,0.15458414055407044,0.06383074598669962,0.0356484875082969,0.2843196392059326,200,888.025,25.53850920201308,813,934,200,0.660732886904762,0.01900186696578354,0.6049107142857143,0.6949404761904762,200,0.40703836917877195,0.032753009716822296,0.3570873737335205,0.4997956752777099,200
piezo8,DiffusionCF-exog,0.31708333333333333,0.16337783125440744,0.0,0.8333333333333334,200,0.31645833333333334,0.16216155215638078,0.0,0.8333333333333334,200,7.595,3.8918772517531397,0,20,200,7.595,3.8918772517531397,0,20,200,0.47552399206328694,0.25022968165536186,0.0334717029817746,1.2673891698296675,200,0.4633140034973621,0.07156039695414965,0.2969873547554016,0.6452503204345703,200,0.10572200752794739,0.01880717789262283,0.0631541833281517,0.1739107221364975,200,137.835,2.9068926924859437,130,143,200,0.10255580357142852,0.0021628665866710887,0.0967261904761904,0.1063988095238095,200,0.48721591114997864,0.029036505104204687,0.4442017078399658,0.617976188659668,200
piezo8,DiffusionCF-target,0.29541666666666666,0.14728074487616707,0.0,0.8333333333333334,200,0.2922916666666666,0.14853635791655714,0.0,0.8333333333333334,200,7.015,3.564872589997373,0,20,200,7.05,3.5184367245873025,0,20,200,0.49835149814800866,0.23752956540562284,0.0393016183966512,1.3490621470517803,200,0.33943893667310476,0.17248432670679176,0.0464520156383514,0.9561409950256348,200,0.06014337827917184,0.03283552997404453,0.0066652162931859,0.1799147874116897,200,48.0,0.0,48,48,200,0.0357142857142857,0.0,0.0357142857142857,0.0357142857142857,200,0.474394816160202,0.0263132538129358,0.4320251941680908,0.6036357879638672,200
piezo8,ForecastCF-exog,0.55875,0.20915624744648714,0.0,1.0,200,0.535,0.22720014322389928,0.0,1.0,200,12.84,5.452803437373583,0,24,200,13.215,4.987297936109051,0,24,200,0.15366553568851793,0.1378750269220566,0.0,0.7134357379300127,200,0.39449527926743033,0.1113647813208447,0.167659118771553,0.7712692618370056,200,0.2826228644326329,0.09252577364093126,0.0875371322035789,0.5765526294708252,200,1002.51,20.550217937687027,829,1008,200,0.7459151785714286,0.015290340727445726,0.6168154761904762,0.75,200,0.28415657997131344,0.01764481156405168,0.1668241024017334,0.3392717838287353,200
piezo8,ForecastCF-target,0.508125,0.19461525111342334,0.125,0.9583333333333334,200,0.15854166666666666,0.2844953969094168,0.0,0.9583333333333334,200,3.805,6.827889525826001,0,23,200,12.075,4.54562299824909,3,23,200,0.2021259977960323,0.20364374113130515,8.870543354551803e-05,1.053220831432002,200,0.2832059088349342,0.08888768056354795,0.1163585409522056,0.5191917419433594,200,0.12346567304804917,0.04558199477019663,0.0401933118700981,0.2475519180297851,200,333.815,7.214639987605319,285,336,200,0.24837425595238094,0.005368035705063489,0.2120535714285714,0.25,200,0.30878636121749875,0.015211586710089951,0.2750318050384521,0.3484899997711181,200
piezo8,GA-exog,0.40770833333333334,0.16879283996202432,0.0,0.9166666666666666,200,0.4066666666666666,0.16834581276195595,0.0,0.9166666666666666,200,9.76,4.040299506286942,0,22,200,9.76,4.040299506286942,0,22,200,0.34083053586039935,0.1905285797036475,0.0146291671963651,1.0398093039597291,200,0.3242914871871471,0.06994670991630438,0.1613104939460754,0.5378871560096741,200,0.062423757398500986,0.016904420697264857,0.0281923022121191,0.1120022609829902,200,83.635,4.916567724638275,70,95,200,0.06222842261904758,0.003658160509403482,0.0520833333333333,0.0706845238095238,200,2.298958829641342,0.06255842818198819,2.165956258773804,2.5155141353607178,200
piezo8,NTD-CFE-exog,0.42541666666666667,0.21671135668473,0.0,1.0,200,0.419375,0.21596481075288343,0.0,1.0,200,10.065,5.183155458069202,0,24,200,10.115,5.1345489543702,0,24,200,0.36138915728745535,0.27311582228518716,0.0,1.5705152890493828,200,0.3272707839003351,0.38121872202440926,0.0,2.1205825805664062,200,0.14875669238515565,0.16525553705410423,0.0,0.8536633253097534,200,383.05,221.25398102769367,0,885,200,0.2850074404761904,0.16462349778846264,0.0,0.6584821428571429,200,1.3430739045143127,0.05858893797375301,0.9969615936279296,1.515174388885498,200
piezo9,COMET-exog,0.07749999999999996,0.03642489193741209,0.0,0.2083333333333333,200,0.0764583333333333,0.03777410061504132,0.0,0.2083333333333333,200,1.835,0.9065784147609925,0,5,200,1.86,0.8741974064978905,0,5,200,0.7689946179523944,0.05135620684425437,0.5921070509937773,0.8576829019474731,200,0.5414084909856319,0.05347940095524891,0.3493343293666839,0.6214807033538818,200,0.3357496105507016,0.06160113993083338,0.1173628196120262,0.4251748621463775,200,841.065,15.716738028972658,804,881,200,0.6257924107142857,0.011694001509652416,0.5982142857142857,0.6555059523809523,200,0.4114533305168152,0.035353596262479,0.3604068756103515,0.5003190040588379,200
piezo9,DiffusionCF-exog,0.06520833333333328,0.02970680170533381,0.0416666666666666,0.2083333333333333,200,0.06520833333333328,0.02970680170533381,0.0416666666666666,0.2083333333333333,200,1.565,0.7129632409280109,1,5,200,1.565,0.7129632409280109,1,5,200,0.819255701521454,0.04968734162623206,0.6480892790414229,0.8981036258299243,200,0.48545562863349917,0.08397659954159097,0.3367630243301391,0.8218808770179749,200,0.10719577977433797,0.020807638062410844,0.0612679533660411,0.185182437300682,200,136.815,3.1127513722633955,127,143,200,0.10179687499999995,0.002316035247219788,0.0944940476190476,0.1063988095238095,200,0.4906791055202484,0.02787704722569621,0.4468400478363037,0.5995101928710938,200
piezo9,DiffusionCF-target,0.07395833333333329,0.037695493594030564,0.0,0.2083333333333333,200,0.05979166666666663,0.041682890476296884,0.0,0.2083333333333333,200,1.435,1.0003893714311256,0,5,200,1.755,0.8882114601771071,0,5,200,0.7113473352187164,0.14639336190690083,0.2376364048664587,0.9012199286311938,200,0.21689107067883012,0.09562447211442979,0.0260831750929355,0.4234887659549713,200,0.040834686816669956,0.018199121751031173,0.0042709680274128,0.079970508813858,200,48.0,0.0,48,48,200,0.0357142857142857,0.0,0.0357142857142857,0.0357142857142857,200,0.4723391783237457,0.021641215072053414,0.4328269958496094,0.5336530208587646,200
piezo9,ForecastCF-exog,0.07833333333333331,0.042302518493703256,0.0,0.25,200,0.07604166666666663,0.04487977534551849,0.0,0.25,200,1.825,1.077114608292444,0,6,200,1.88,1.015260443848878,0,6,200,0.7487189487443321,0.050068802911653644,0.5763418339811187,0.832802061914928,200,0.8659547480940819,0.024727026981160746,0.7489093542098999,0.9054256677627563,200,0.7424050697684288,0.024806050089740118,0.6360943913459778,0.7792820930480957,200,1008.0,0.0,1008,1008,200,0.75,0.0,0.75,0.75,200,0.28749852180480956,0.0165945581858486,0.2494106292724609,0.3223500251770019,200
piezo9,ForecastCF-target,0.134375,0.06436531120000749,0.0416666666666666,0.4166666666666667,200,0.0,0.0,0.0,0.0,200,0.0,0.0,0,0,200,3.225,1.5447674688001802,1,10,200,0.28976677799772016,0.044820141178149885,0.1286993686020044,0.3565695776028234,200,0.2513328409940004,0.019730060661630047,0.1899143159389495,0.2766371667385101,200,0.12497500803321597,0.010063904086305397,0.0900666937232017,0.1375332176685333,200,336.0,0.0,336,336,200,0.25,0.0,0.25,0.25,200,0.3103267455101013,0.015432260425640441,0.2718899250030517,0.3525421619415283,200
piezo9,GA-exog,0.06624999999999996,0.029886136981822548,0.0416666666666666,0.2083333333333333,200,0.06624999999999996,0.029886136981822548,0.0416666666666666,0.2083333333333333,200,1.59,0.71726728756374,1,5,200,1.59,0.71726728756374,1,5,200,0.816467622185145,0.049267304298330254,0.6377807432573904,0.89668341285213,200,0.2641085001826286,0.08508097892300695,0.0978330224752426,0.6538639664649963,200,0.04122906988486643,0.012719911477712549,0.0167165603488683,0.0909625887870788,200,81.56,5.422491778271972,66,94,200,0.06068452380952377,0.004034592096928554,0.0491071428571428,0.0699404761904761,200,2.2958111786842346,0.05534432761107502,2.166008234024048,2.516298294067383,200
piezo9,NTD-CFE-exog,0.06854166666666661,0.03123010254318134,0.0416666666666666,0.2083333333333333,200,0.06854166666666661,0.03123010254318134,0.0416666666666666,0.2083333333333333,200,1.645,0.7495224610363526,1,5,200,1.645,0.7495224610363526,1,5,200,0.8209718308739226,0.05037204067074272,0.6486298173553523,0.9073446330960498,200,0.02355008479736166,0.08976060702660268,0.0,0.807066798210144,200,0.008652827042500873,0.04040219393150795,0.0,0.4304386377334595,200,126.065,122.49213193889095,0,641,200,0.09379836309523805,0.09113997912119864,0.0,0.4769345238095238,200,1.3441751873493195,0.05011302199622165,1.2326176166534424,1.5463621616363523,200
