dataset,csv_path,best_gru_lr,n_test_windows_full,n_test_windows_sampled,test_mae_full,test_rmse_full,test_r2_full,test_mae_sampled,test_rmse_sampled,test_r2_sampled
piezo1,C:\Users\golpour\Desktop\Mo\LitRev\1\All_Piezos\data\piezos\piezo1.csv,0.003,4347,15,0.38973888754844666,0.5107225811843848,0.40495115518569946,0.37469685077667236,0.5051609062926526,0.37076491117477417
piezo11,C:\Users\golpour\Desktop\Mo\LitRev\1\All_Piezos\data\piezos\piezo11.csv,0.0003,8555,15,0.04068635031580925,0.05733457249226236,0.9987812638282776,0.039034418761730194,0.06536735939435491,0.9974801540374756
piezo12,C:\Users\golpour\Desktop\Mo\LitRev\1\All_Piezos\data\piezos\piezo12.csv,0.001,8553,15,0.04545651376247406,0.07320461581085122,0.9973524212837219,0.053230371326208115,0.08076184006373971,0.9877955913543701
piezo13,C:\Users\golpour\Desktop\Mo\LitRev\1\All_Piezos\data\piezos\piezo13.csv,0.001,3482,15,0.49068641662597656,0.741421233690032,0.9749787449836731,0.3162815272808075,0.4375900959161172,0.9907075762748718
piezo14,C:\Users\golpour\Desktop\Mo\LitRev\1\All_Piezos\data\piezos\piezo14.csv,0.003,4161,15,0.18550482392311096,0.2663785539700572,0.8361198902130127,0.16831474006175995,0.24924486077308727,0.8443351984024048
piezo15,C:\Users\golpour\Desktop\Mo\LitRev\1\All_Piezos\data\piezos\piezo15.csv,0.001,3539,15,0.22670075297355652,0.3336972569641258,0.9686082005500793,0.2175704538822174,0.2782936752689679,0.97819983959198
piezo16,C:\Users\golpour\Desktop\Mo\LitRev\1\All_Piezos\data\piezos\piezo16.csv,0.001,3012,15,4.326413631439209,9.31283753058614,0.6426031589508057,4.888769149780273,9.711356242228815,0.6503898501396179
piezo17,C:\Users\golpour\Desktop\Mo\LitRev\1\All_Piezos\data\piezos\piezo17.csv,0.003,4270,15,0.3699150085449219,0.4926403172775227,0.760626494884491,0.4190894365310669,0.5304593204789444,0.5794811248779297
piezo18,C:\Users\golpour\Desktop\Mo\LitRev\1\All_Piezos\data\piezos\piezo18.csv,0.0003,3500,15,0.26985931396484375,0.4660550531685322,0.8613729476928711,0.24555914103984833,0.37277601304933855,0.8463869094848633
piezo2,C:\Users\golpour\Desktop\Mo\LitRev\1\All_Piezos\data\piezos\piezo2.csv,0.001,7230,15,0.04122687131166458,0.06485372733719338,0.9986752271652222,0.049735747277736664,0.07956078941015134,0.9982104897499084
piezo3,C:\Users\golpour\Desktop\Mo\LitRev\1\All_Piezos\data\piezos\piezo3.csv,0.001,4350,15,0.33397212624549866,0.5949786173560622,0.9406465888023376,0.13364800810813904,0.19661836852078465,0.9858748912811279
piezo4,C:\Users\golpour\Desktop\Mo\LitRev\1\All_Piezos\data\piezos\piezo4.csv,0.0001,4307,15,0.052558377385139465,0.11312573956279429,0.9826112389564514,0.04992236942052841,0.06467661618039801,0.9917915463447571
piezo5,C:\Users\golpour\Desktop\Mo\LitRev\1\All_Piezos\data\piezos\piezo5.csv,0.001,3653,15,0.24046167731285095,0.5136146658597933,0.9379441142082214,0.293568879365921,0.7515713998501562,0.9233649373054504
piezo6,C:\Users\golpour\Desktop\Mo\LitRev\1\All_Piezos\data\piezos\piezo6.csv,0.0003,8415,15,0.0626533180475235,0.11304660864312903,0.9936946630477905,0.027517085894942284,0.03721013631905243,0.9989923238754272
piezo7,C:\Users\golpour\Desktop\Mo\LitRev\1\All_Piezos\data\piezos\piezo7.csv,0.001,7233,15,0.05679571256041527,0.09754524597868158,0.9783318042755127,0.03855554759502411,0.06737966115465506,0.990312933921814
piezo8,C:\Users\golpour\Desktop\Mo\LitRev\1\All_Piezos\data\piezos\piezo8.csv,0.001,4319,15,0.18788190186023712,0.3308510843474531,0.9200031161308289,0.1971694976091385,0.342438939439812,0.931765615940094
piezo9,C:\Users\golpour\Desktop\Mo\LitRev\1\All_Piezos\data\piezos\piezo9.csv,0.0003,8292,15,0.021761707961559296,0.02991859745365416,0.9995540976524353,0.02123143896460533,0.028485189200300878,0.9995570182800293
