dataset,method,validity_ratio,prefix_validity,prefix_valid_steps,max_consecutive_valid_steps,distance_to_band,proximity_l2_scaled,proximity_l1_scaled,sparsity_count,sparsity_ratio,runtime_sec,forecast_r2
piezo1,COMET-exog,0.2883333333333333,0.088125,2.115,6.585,0.3653674282008393,0.3386228211969137,0.1987657137960195,886.415,0.6595349702380952,0.4026803481578827,0.4049511551856994
piezo1,DiffusionCF-exog,0.1683333333333333,0.0749999999999999,1.8,4.0,0.7123384205767981,0.489430747628212,0.1120908523723482,136.935,0.1018861607142856,0.4791238725185394,0.4049511551856994
piezo1,DiffusionCF-target,0.1564583333333333,0.0699999999999999,1.68,3.72,0.7206386769117116,0.2435871978104114,0.0392090648412704,47.995,0.0357105654761904,0.4671976590156555,0.4049511551856994
piezo1,ForecastCF-exog,0.3029166666666666,0.1014583333333333,2.435,6.815,0.3318370631053301,0.4502870817482471,0.3472470536828041,1007.92,0.7499404761904762,0.2785384762287139,0.4049511551856994
piezo1,ForecastCF-target,0.256875,0.0654166666666666,1.57,5.945,0.3817535050501094,0.2684632930159568,0.1199996074289083,335.98,0.249985119047619,0.3022064578533172,0.4049511551856994
piezo1,GA-exog,0.2947916666666666,0.17125,4.11,7.01,0.5138292439630124,0.3248689103871583,0.0614398615434765,85.65,0.0637276785714285,2.298249740600586,0.4049511551856994
piezo1,NTD-CFE-exog,0.2427083333333333,0.1216666666666666,2.92,5.745,0.6415280992607637,0.2907220888568553,0.13084162515584,356.4,0.2651785714285714,1.3326488256454467,0.4049511551856994
piezo11,COMET-exog,0.0935416666666666,0.0906249999999999,2.175,2.245,0.9357120500768136,0.4238544844090938,0.2186950010061263,895.83,0.6665401785714287,0.4118461227416992,0.9987812638282776
piezo11,DiffusionCF-exog,0.0745833333333333,0.0745833333333333,1.79,1.79,1.0029768420763634,0.455520424246788,0.1075543485209345,137.575,0.1023623511904761,0.4852739357948303,0.9987812638282776
piezo11,DiffusionCF-target,0.0885416666666666,0.0745833333333333,1.79,2.03,0.8563890700574942,0.2484988138452172,0.0467435444821603,47.995,0.0357105654761904,0.4693928945064545,0.9987812638282776
piezo11,ForecastCF-exog,0.1004166666666666,0.0899999999999999,2.16,2.41,0.8965900649243401,0.902266134917736,0.757557600736618,1007.985,0.7499888392857144,0.2883563768863678,0.9987812638282776
piezo11,ForecastCF-target,0.1272916666666666,0.0,0.0,3.025,0.3339822303172035,0.2772341228276491,0.1360445901751518,336.0,0.25,0.3104511666297912,0.9987812638282776
piezo11,GA-exog,0.0787499999999999,0.0781249999999999,1.875,1.89,0.9950615193726556,0.2763837894052267,0.0470523575227707,85.945,0.0639471726190475,2.3176122629642486,0.9987812638282776
piezo11,NTD-CFE-exog,0.0802083333333333,0.0802083333333333,1.925,1.925,1.003649075831541,0.0560256117451535,0.0236236814625817,155.875,0.1159784226190475,1.3460208082199097,0.9987812638282776
piezo12,COMET-exog,0.1233333333333333,0.1233333333333333,2.96,2.96,0.8561836754400285,0.3859254077076912,0.1751600713655352,963.03,0.7165401785714286,0.4149687778949738,0.997352421283722
piezo12,DiffusionCF-exog,0.1081249999999999,0.1081249999999999,2.595,2.595,0.9341352388086848,0.4740452066063881,0.1070185922831296,136.925,0.1018787202380951,0.4878753495216369,0.997352421283722
piezo12,DiffusionCF-target,0.1289583333333333,0.1133333333333333,2.72,2.975,0.8331844982983114,0.1623053822154178,0.0301916829403489,47.985,0.0357031249999999,0.4736536478996276,0.997352421283722
piezo12,ForecastCF-exog,0.1258333333333333,0.1254166666666666,3.01,3.02,0.8322627935553482,0.7995420031249523,0.6619733153283596,1007.845,0.7498846726190476,0.287639330625534,0.997352421283722
piezo12,ForecastCF-target,0.290625,0.015,0.36,6.83,0.1898607760473792,0.1895602568611502,0.0890445739217102,335.925,0.2499441964285714,0.3093312788009643,0.997352421283722
piezo12,GA-exog,0.1106249999999999,0.1106249999999999,2.655,2.655,0.9210919198335789,0.2762371033430099,0.0447234442736953,83.05,0.0617931547619047,2.3020706570148466,0.997352421283722
piezo12,NTD-CFE-exog,0.1139583333333333,0.1139583333333333,2.735,2.735,0.9344898891748724,0.0608467540791752,0.0251134592683115,127.945,0.0951971726190475,1.3434285950660705,0.997352421283722
piezo13,COMET-exog,0.681875,0.678125,16.275,16.305,0.2576880779067048,0.2727071219403296,0.167530276889447,841.045,0.6257775297619047,0.3544978904724121,0.9749787449836732
piezo13,DiffusionCF-exog,0.5360416666666666,0.5354166666666667,12.85,12.85,0.4881473549782533,0.432998030334711,0.1007661751285195,139.33,0.1036681547619047,0.4398737227916717,0.9749787449836732
piezo13,DiffusionCF-target,0.6389583333333334,0.6164583333333333,14.795,15.11,0.2657705936664045,0.2786864869203418,0.0506718876003287,47.99,0.0357068452380952,0.4234571671485901,0.9749787449836732
piezo13,ForecastCF-exog,0.7177083333333333,0.7139583333333333,17.135,17.165,0.2248543423454732,0.44008704489097,0.3441453466005623,824.31,0.6133258928571429,0.2396195709705352,0.9749787449836732
piezo13,ForecastCF-target,0.8127083333333333,0.5695833333333333,13.67,19.345,0.08357011456345,0.1445917724049649,0.066613879923243,263.32,0.195922619047619,0.2025309216976165,0.9749787449836732
piezo13,GA-exog,0.6252083333333334,0.62,14.88,14.955,0.3461618182309887,0.2752118291705846,0.0481193517241626,85.035,0.0632700892857142,1.9647620141506197,0.9749787449836732
piezo13,NTD-CFE-exog,0.57625,0.5752083333333333,13.805,13.805,0.442506029199299,0.1161981128752313,0.0519922696341039,264.095,0.1964992559523809,1.1620928239822388,0.9749787449836732
piezo14,COMET-exog,0.0368749999999999,0.0277083333333333,0.665,0.885,2.1482432740333466,0.6011241999268532,0.4135500469058752,847.895,0.630874255952381,0.4244997417926788,0.8361198902130127
piezo14,DiffusionCF-exog,0.0297916666666666,0.0287499999999999,0.69,0.715,2.249550251559585,0.4376128110289574,0.0956076560914516,134.915,0.1003831845238094,0.4983213484287262,0.8361198902130127
piezo14,DiffusionCF-target,0.0312499999999999,0.0306249999999999,0.735,0.75,2.2365333745576894,0.5593522484600544,0.1042428260669111,48.0,0.0357142857142857,0.4819156122207642,0.8361198902130127
piezo14,ForecastCF-exog,0.0389583333333332,0.0270833333333333,0.65,0.935,2.100434250884164,0.8400998768210411,0.7226655229926109,1008.0,0.75,0.2955348706245422,0.8361198902130127
piezo14,ForecastCF-target,0.0618749999999999,0.0047916666666666,0.115,1.485,1.6268093062716336,0.3809324456751347,0.1767966566607355,335.975,0.2499813988095238,0.3144846677780151,0.8361198902130127
piezo14,GA-exog,0.0356249999999999,0.0335416666666666,0.805,0.855,2.212321605524322,0.2572438963502645,0.0438629740849136,81.065,0.0603162202380951,2.3421492421627046,0.8361198902130127
piezo14,NTD-CFE-exog,0.0341666666666666,0.0331249999999999,0.795,0.82,2.2539659720676157,0.0293510720875201,0.0115821593619738,125.515,0.0933891369047618,1.354358456134796,0.8361198902130127
piezo15,COMET-exog,0.2460416666666666,0.2460416666666666,5.905,5.905,0.6217333926284998,0.3919183318316936,0.2054447463527321,842.59,0.6269270833333334,0.4263107395172119,0.9686082005500792
piezo15,DiffusionCF-exog,0.2066666666666666,0.2066666666666666,4.96,4.96,0.7009281553361769,0.3983371523022652,0.0783512921072542,135.14,0.1005505952380952,0.5090247905254364,0.9686082005500792
piezo15,DiffusionCF-target,0.2104166666666666,0.2,4.8,5.05,0.7053568909611179,0.2850777020305395,0.052040099146543,47.995,0.0357105654761904,0.486438170671463,0.9686082005500792
piezo15,ForecastCF-exog,0.3047916666666667,0.30375,7.29,7.31,0.5004996486830858,0.5443811414390802,0.4346315804123878,1007.99,0.7499925595238095,0.2950429940223693,0.9686082005500792
piezo15,ForecastCF-target,0.440625,0.0325,0.78,10.55,0.2615282248330612,0.3463622926175594,0.1661820881441235,336.0,0.25,0.3187788534164428,0.9686082005500792
piezo15,GA-exog,0.2327083333333333,0.2327083333333333,5.585,5.585,0.6359601004011828,0.250526813622564,0.0396589177357963,73.885,0.0549739583333332,2.351962370872497,0.9686082005500792
piezo15,NTD-CFE-exog,0.2183333333333333,0.2183333333333333,5.24,5.24,0.7131635580075596,0.0821610742668508,0.0322719687071764,181.26,0.1348660714285713,1.368915033340454,0.9686082005500792
piezo16,COMET-exog,0.9785416666666668,0.9764583333333332,23.435,23.435,0.1083686706569831,0.0400051345070823,0.020257614054717,901.815,0.6709933035714286,0.0963102149963378,0.6426031589508057
piezo16,DiffusionCF-exog,0.8833333333333333,0.8808333333333332,21.14,21.14,1.1455112532100284,0.4098427867889404,0.0856559227965771,137.54,0.1023363095238094,0.2726409459114074,0.6426031589508057
piezo16,DiffusionCF-target,0.9254166666666668,0.9160416666666668,21.985,22.07,0.5669497697494037,0.302384580746293,0.0471384965605102,47.995,0.0357105654761904,0.2488132524490356,0.6426031589508057
piezo16,ForecastCF-exog,0.9858333333333332,0.9847916666666668,23.635,23.635,0.0959683275946916,0.0455256624240428,0.0319631059025414,238.275,0.1772879464285714,0.0429634070396423,0.6426031589508057
piezo16,ForecastCF-target,0.9775,0.9358333333333332,22.46,23.305,0.0631817854402555,0.0386266676126979,0.016977311305236,82.975,0.0617373511904761,0.0528603529930114,0.6426031589508057
piezo16,GA-exog,1.0,1.0,24.0,24.0,0.0,0.1934663420170545,0.0300263572437688,83.215,0.0619159226190475,0.3685632479190826,0.6426031589508057
piezo16,NTD-CFE-exog,0.9633333333333332,0.9629166666666668,23.11,23.11,0.4773038613050526,0.0525547257387051,0.0250943168193628,197.8,0.147172619047619,0.4884476280212402,0.6426031589508057
piezo17,COMET-exog,0.0602083333333333,0.0574999999999999,1.38,1.445,1.0956539551110438,0.5736758598685264,0.3852887199819088,780.105,0.5804352678571428,0.4306942987442017,0.760626494884491
piezo17,DiffusionCF-exog,0.0416666666666666,0.0416666666666666,1.0,1.0,1.1825130380302715,0.4672098770737648,0.0956166390515863,132.185,0.0983519345238094,0.5180186307430268,0.760626494884491
piezo17,DiffusionCF-target,0.0454166666666666,0.0441666666666666,1.06,1.09,1.1085816555001309,0.6097521089017391,0.1150811102613806,48.0,0.0357142857142857,0.4956756782531738,0.760626494884491
piezo17,ForecastCF-exog,0.0687499999999999,0.0608333333333333,1.46,1.64,1.0347979703124164,0.8156040620803833,0.6968273463845253,1007.985,0.7499888392857144,0.3042092764377593,0.760626494884491
piezo17,ForecastCF-target,0.1624999999999999,0.0287499999999999,0.69,3.38,0.5620818585562175,0.3912891364097595,0.1890756595879792,336.0,0.25,0.3248029541969299,0.760626494884491
piezo17,GA-exog,0.0477083333333333,0.0477083333333333,1.145,1.145,1.1659571102017494,0.2123937294632196,0.0331590805202722,73.22,0.0544791666666666,2.3582065749168395,0.760626494884491
piezo17,NTD-CFE-exog,0.0460416666666666,0.0460416666666666,1.105,1.105,1.1972956978035894,0.0343716095660965,0.0141406338301316,119.28,0.0887499999999999,1.3754779064655305,0.760626494884491
piezo18,COMET-exog,0.2308333333333333,0.2229166666666666,5.35,5.525,0.4679317951331745,0.5591039662808179,0.3873483694903552,939.7,0.6991815476190476,0.4339330089092255,0.8613729476928711
piezo18,DiffusionCF-exog,0.1556249999999999,0.1556249999999999,3.735,3.735,0.5655459912211447,0.3889741084724665,0.08341556802392,133.575,0.0993861607142856,0.5166751158237457,0.8613729476928711
piezo18,DiffusionCF-target,0.186875,0.1841666666666666,4.42,4.455,0.514358255016235,0.4123050695750862,0.077219314079266,48.0,0.0357142857142857,0.4933953464031219,0.8613729476928711
piezo18,ForecastCF-exog,0.30125,0.2833333333333333,6.8,7.22,0.4029126306984314,0.7530402825772762,0.6225032755732536,982.985,0.7313876488095238,0.3018962860107421,0.8613729476928711
piezo18,ForecastCF-target,0.385625,0.1239583333333333,2.975,9.24,0.3102040476261091,0.3156627107411622,0.1491371784452348,327.63,0.2437723214285714,0.3222147893905639,0.8613729476928711
piezo18,GA-exog,0.185,0.185,4.44,4.44,0.5259418275794805,0.2236505906283855,0.0374477586755528,72.135,0.0536718749999999,2.3423227632045744,0.8613729476928711
piezo18,NTD-CFE-exog,0.1689583333333333,0.1689583333333333,4.055,4.055,0.5641980482128183,0.0705251076575768,0.0315417425944042,162.335,0.1207849702380951,1.3721787345409393,0.8613729476928711
piezo2,COMET-exog,0.0662499999999999,0.0658333333333333,1.58,1.59,0.9912400062487654,0.4731224289536476,0.281404440999031,903.265,0.6720721726190476,0.3997530567646026,0.9986752271652222
piezo2,DiffusionCF-exog,0.0539583333333332,0.0539583333333332,1.295,1.295,1.038394103735542,0.5174813306331635,0.1166190963611006,134.83,0.1003199404761904,0.477485898733139,0.9986752271652222
piezo2,DiffusionCF-target,0.0810416666666666,0.0593749999999999,1.425,1.85,0.8205194458558808,0.2615885966178029,0.0492657797399442,48.0,0.0357142857142857,0.464592033624649,0.9986752271652222
piezo2,ForecastCF-exog,0.0681249999999999,0.0672916666666666,1.615,1.635,0.9588245913019366,0.8315841230750084,0.7063213703036308,1007.995,0.7499962797619049,0.2765516066551208,0.9986752271652222
piezo2,ForecastCF-target,0.1252083333333333,0.0,0.0,2.985,0.3503833421439997,0.2686319198459386,0.1336294914409518,336.0,0.25,0.2993153512477874,0.9986752271652222
piezo2,GA-exog,0.0577083333333332,0.0577083333333332,1.385,1.385,1.0345479700469111,0.2723173985630273,0.0427089238166808,82.23,0.0611830357142856,2.277471605539322,0.9986752271652222
piezo2,NTD-CFE-exog,0.0587499999999999,0.0585416666666666,1.405,1.41,1.042156056052722,0.0411570153515003,0.0156002763105376,126.645,0.0942299107142856,1.3309962224960328,0.9986752271652222
piezo3,COMET-exog,0.6745833333333333,0.6704166666666667,16.09,16.11,0.1933381745865727,0.1998395368829369,0.0700077528972178,797.09,0.5930729166666666,0.3306138658523559,0.9406465888023376
piezo3,DiffusionCF-exog,0.4795833333333333,0.475,11.4,11.4,0.4875463782557475,0.4234943345189094,0.0933680893853306,137.7,0.1024553571428571,0.4364648103713989,0.9406465888023376
piezo3,DiffusionCF-target,0.528125,0.51625,12.39,12.59,0.3933357010435885,0.2183367879688739,0.0384117343509569,47.985,0.0357031249999999,0.4181130754947662,0.9406465888023376
piezo3,ForecastCF-exog,0.7033333333333333,0.6991666666666667,16.78,16.815,0.1704087879864428,0.3812242753338069,0.2096426410006824,516.155,0.3840438988095238,0.2250830161571502,0.9406465888023376
piezo3,ForecastCF-target,0.7516666666666667,0.4577083333333334,10.985,17.99,0.08578893240923,0.1648002569098025,0.0533844357807538,169.015,0.1257552083333333,0.2367672491073608,0.9406465888023376
piezo3,GA-exog,0.5297916666666667,0.5289583333333333,12.695,12.695,0.3924574340456687,0.3211249060928821,0.0605224351026117,86.5,0.064360119047619,1.984208781719208,0.9406465888023376
piezo3,NTD-CFE-exog,0.6625,0.6575,15.78,15.785,0.3116079051522943,0.2006708484249452,0.0910721475970472,331.105,0.2463578869047618,1.1618147695064545,0.9406465888023376
piezo4,COMET-exog,0.1164583333333333,0.1020833333333333,2.45,2.795,0.7712328088482707,0.2736925856024026,0.0915988373383879,814.0,0.6056547619047619,0.4047236096858978,0.9826112389564514
piezo4,DiffusionCF-exog,0.0885416666666666,0.0870833333333333,2.09,2.125,0.8625910774881278,0.4256712624430656,0.0926112940907478,137.155,0.1020498511904761,0.4854073405265808,0.9826112389564514
piezo4,DiffusionCF-target,0.0983333333333333,0.0841666666666666,2.02,2.36,0.810576473441673,0.107673731544055,0.0195317845756653,47.985,0.0357031249999999,0.4683768880367279,0.9826112389564514
piezo4,ForecastCF-exog,0.1229166666666666,0.0858333333333333,2.06,2.95,0.7281995607271972,0.4958228498697281,0.3330961319059133,803.24,0.5976488095238095,0.27949964761734,0.9826112389564514
piezo4,ForecastCF-target,0.1295833333333333,0.0,0.0,3.095,0.3915305513412722,0.22689287006855,0.1014184578880667,299.145,0.222578125,0.3014580833911895,0.9826112389564514
piezo4,GA-exog,0.1097916666666666,0.1079166666666666,2.59,2.635,0.8167887381571477,0.3464479199051857,0.0616997712571173,82.8,0.0616071428571428,2.305353425741196,0.9826112389564514
piezo4,NTD-CFE-exog,0.1039583333333333,0.1022916666666666,2.455,2.495,0.8504063623550796,0.1374957261468352,0.0557312773004445,211.145,0.1571019345238094,1.3366442549228668,0.9826112389564514
piezo5,COMET-exog,0.7045833333333333,0.6877083333333333,16.505,16.87,0.0809776458030567,0.2039760076487436,0.0880561499553732,827.03,0.6153497023809524,0.3783273613452911,0.9379441142082214
piezo5,DiffusionCF-exog,0.5052083333333334,0.5052083333333334,12.125,12.125,0.2716706649770294,0.4337315593659878,0.0989944254606961,136.55,0.1015997023809523,0.4639469242095947,0.9379441142082214
piezo5,DiffusionCF-target,0.508125,0.48625,11.67,12.185,0.2788473920195999,0.1030386197566985,0.0168600668944417,47.99,0.0357068452380952,0.448824827671051,0.9379441142082214
piezo5,ForecastCF-exog,0.7427083333333333,0.7241666666666667,17.38,17.765,0.0614709250274016,0.3096339424024336,0.2202702468144707,915.79,0.681391369047619,0.2490697681903838,0.9379441142082214
piezo5,ForecastCF-target,0.8139583333333333,0.4645833333333333,11.15,19.515,0.0332299484125594,0.1033025475149042,0.0442122013738844,302.335,0.2249516369047619,0.1976723730564117,0.9379441142082214
piezo5,GA-exog,0.6610416666666667,0.6575,15.78,15.78,0.1256701291913319,0.3306563003361225,0.0616172787733375,80.185,0.0596614583333332,1.943341956138611,0.9379441142082214
piezo5,NTD-CFE-exog,0.6160416666666666,0.6104166666666666,14.65,14.73,0.1710437220982829,0.2627966829186334,0.1184586088387095,367.865,0.2737090773809523,1.266217539310455,0.9379441142082214
piezo6,COMET-exog,0.1224999999999999,0.1156249999999999,2.775,2.94,0.6833390434569179,0.4269519333541393,0.2208459411561488,898.48,0.6685119047619048,0.4086959171295166,0.9936946630477904
piezo6,DiffusionCF-exog,0.0885416666666666,0.0870833333333333,2.09,2.125,0.8065656683005556,0.5229259605705738,0.1177529326081275,135.725,0.100985863095238,0.4854204595088959,0.9936946630477904
piezo6,DiffusionCF-target,0.0939583333333333,0.0795833333333333,1.91,2.125,0.7460393205397239,0.1463374238321557,0.0272043529653455,48.0,0.0357142857142857,0.46878573179245,0.9936946630477904
piezo6,ForecastCF-exog,0.1304166666666666,0.1210416666666666,2.905,3.13,0.6506235475816954,0.7123734724521636,0.5906945151090622,1007.99,0.7499925595238095,0.2814907884597778,0.9936946630477904
piezo6,ForecastCF-target,0.1749999999999999,0.0,0.0,4.14,0.2308486811573219,0.2318919971585273,0.1139447566121816,336.0,0.25,0.3055566465854644,0.9936946630477904
piezo6,GA-exog,0.0958333333333333,0.0939583333333333,2.255,2.3,0.7961675031270999,0.2950746202468872,0.0475943457707762,76.485,0.0569084821428571,2.2947789096832274,0.9936946630477904
piezo6,NTD-CFE-exog,0.1068749999999999,0.1058333333333333,2.54,2.565,0.7925589306764884,0.1654081857435858,0.0744177197089379,219.8,0.1635416666666666,1.3351398611068723,0.9936946630477904
piezo7,COMET-exog,0.1149999999999999,0.1141666666666666,2.74,2.76,0.8201418798579081,0.6038125708699227,0.4009703539311886,960.25,0.7144717261904762,0.4097973239421844,0.9783318042755128
piezo7,DiffusionCF-exog,0.0912499999999999,0.0912499999999999,2.19,2.19,0.978938123896604,0.5183666515350341,0.1284996230714022,140.765,0.104735863095238,0.4872374427318573,0.9783318042755128
piezo7,DiffusionCF-target,0.1064583333333333,0.0872916666666666,2.095,2.43,0.9241393908891185,0.0956339587830006,0.0171615031571127,47.995,0.0357105654761904,0.4720950472354889,0.9783318042755128
piezo7,ForecastCF-exog,0.1260416666666666,0.1252083333333333,3.005,3.025,0.7800522983441944,0.8670313930511475,0.7228462125360966,1007.99,0.7499925595238095,0.2838859212398528,0.9783318042755128
piezo7,ForecastCF-target,0.2410416666666666,0.0,0.0,5.6,0.1772376994926176,0.2006661164015531,0.0893442672491073,335.96,0.2499702380952381,0.3077869021892547,0.9783318042755128
piezo7,GA-exog,0.0891666666666666,0.0891666666666666,2.14,2.14,0.9834292639669544,0.2569964523985981,0.0415094009647145,84.84,0.0631249999999999,2.317562975883484,0.9783318042755128
piezo7,NTD-CFE-exog,0.0927083333333333,0.0927083333333333,2.225,2.225,0.9931664579587768,0.0372323517616268,0.0172266828727024,128.34,0.0954910714285713,1.3467409110069275,0.9783318042755128
piezo8,COMET-exog,0.5266666666666666,0.5233333333333333,12.56,12.56,0.1715100867566739,0.2926408478245139,0.1545841405540704,888.025,0.660732886904762,0.4070383691787719,0.9200031161308287
piezo8,DiffusionCF-exog,0.3170833333333333,0.3164583333333333,7.595,7.595,0.4755239920632869,0.4633140034973621,0.1057220075279473,137.835,0.1025558035714285,0.4872159111499786,0.9200031161308287
piezo8,DiffusionCF-target,0.2954166666666666,0.2922916666666666,7.015,7.05,0.4983514981480086,0.3394389366731047,0.0601433782791718,48.0,0.0357142857142857,0.474394816160202,0.9200031161308287
piezo8,ForecastCF-exog,0.55875,0.535,12.84,13.215,0.1536655356885179,0.3944952792674303,0.2826228644326329,1002.51,0.7459151785714286,0.2841565799713134,0.9200031161308287
piezo8,ForecastCF-target,0.508125,0.1585416666666666,3.805,12.075,0.2021259977960323,0.2832059088349342,0.1234656730480491,333.815,0.2483742559523809,0.3087863612174987,0.9200031161308287
piezo8,GA-exog,0.4077083333333333,0.4066666666666666,9.76,9.76,0.3408305358603993,0.3242914871871471,0.0624237573985009,83.635,0.0622284226190475,2.298958829641342,0.9200031161308287
piezo8,NTD-CFE-exog,0.4254166666666666,0.419375,10.065,10.115,0.3613891572874553,0.3272707839003351,0.1487566923851556,383.05,0.2850074404761904,1.3430739045143127,0.9200031161308287
piezo9,COMET-exog,0.0774999999999999,0.0764583333333333,1.835,1.86,0.7689946179523944,0.5414084909856319,0.3357496105507016,841.065,0.6257924107142857,0.4114533305168152,0.9995540976524352
piezo9,DiffusionCF-exog,0.0652083333333332,0.0652083333333332,1.565,1.565,0.819255701521454,0.4854556286334991,0.1071957797743379,136.815,0.1017968749999999,0.4906791055202484,0.9995540976524352
piezo9,DiffusionCF-target,0.0739583333333332,0.0597916666666666,1.435,1.755,0.7113473352187164,0.2168910706788301,0.0408346868166699,48.0,0.0357142857142857,0.4723391783237457,0.9995540976524352
piezo9,ForecastCF-exog,0.0783333333333333,0.0760416666666666,1.825,1.88,0.7487189487443321,0.8659547480940819,0.7424050697684288,1008.0,0.75,0.2874985218048095,0.9995540976524352
piezo9,ForecastCF-target,0.134375,0.0,0.0,3.225,0.2897667779977201,0.2513328409940004,0.1249750080332159,336.0,0.25,0.3103267455101013,0.9995540976524352
piezo9,GA-exog,0.0662499999999999,0.0662499999999999,1.59,1.59,0.816467622185145,0.2641085001826286,0.0412290698848664,81.56,0.0606845238095237,2.2958111786842346,0.9995540976524352
piezo9,NTD-CFE-exog,0.0685416666666666,0.0685416666666666,1.645,1.645,0.8209718308739226,0.0235500847973616,0.0086528270425008,126.065,0.093798363095238,1.3441751873493195,0.9995540976524352
ETTh1,COMET-exog,0.5491666666666667,0.298125,7.155,9.245,0.3590640531033292,0.139139217599295,0.0451110250316559,1706.265,0.725452806122449,0.6061600005626678,0.5161073548987817
ETTh1,DiffusionCF-exog,0.269375,0.1372916666666666,3.295,5.32,1.099497276208515,0.3986976377665996,0.1070797676965594,287.96,0.1224319727891156,0.5875176239013672,0.5161073548987817
ETTh1,DiffusionCF-target,0.26625,0.1327083333333333,3.185,5.295,1.1705309041833858,0.0688955107610672,0.0086648706207051,48.0,0.0204081632653061,0.568783392906189,0.5161073548987817
ETTh1,ForecastCF-exog,0.57125,0.3354166666666666,8.05,10.105,0.3513279441388248,0.1860610166215337,0.0714967485587112,515.38,0.2191241496598639,0.290845330953598,0.5161073548987817
ETTh1,ForecastCF-target,0.7241666666666667,0.4220833333333333,10.13,13.035,0.1380653176870264,0.0867805355443851,0.015466250796744,97.24,0.0413435374149659,0.2820569074153899,0.5161073548987817
ETTh1,GA-exog,0.5195833333333334,0.371875,8.925,10.58,0.6428638485577528,0.2608633604645728,0.0395285589480772,97.2,0.0413265306122448,2.1182150638103483,0.5161073548987817
ETTh1,NTD-CFE-exog,0.4383333333333333,0.2352083333333333,5.645,8.37,0.9526894954922024,0.2579647415228646,0.0967008066212173,398.295,0.1693431122448979,1.5394660532474518,0.5161073548987817
ETTh2,COMET-exog,0.7820833333333332,0.486875,11.685,13.8,0.1719329932801296,0.2759892870066687,0.1646335727674886,1940.51,0.825046768707483,0.5764971244335174,0.8103311884001703
ETTh2,DiffusionCF-exog,0.4327083333333333,0.27125,6.51,7.975,2.35423224480543,0.5833429840207099,0.1610983627848327,287.995,0.1224468537414965,0.5656938552856445,0.8103311884001703
ETTh2,DiffusionCF-target,0.5127083333333333,0.3068749999999999,7.365,9.515,1.7777257959051758,0.1313314358610659,0.0164054272894281,48.0,0.0204081632653061,0.5444142699241639,0.8103311884001703
ETTh2,ForecastCF-exog,0.8104166666666667,0.5464583333333334,13.115,14.8,0.1474756824743517,0.3472611939720809,0.2991050398070365,1995.3,0.8483418367346939,0.287924221754074,0.8103311884001703
ETTh2,ForecastCF-target,0.8847916666666668,0.4066666666666666,9.76,16.905,0.0543375692780252,0.0934853058424777,0.0324406616738996,332.57,0.1413988095238094,0.2939517533779144,0.8103311884001703
ETTh2,GA-exog,0.7172916666666667,0.5129166666666667,12.31,13.745,0.6254576203131192,0.2707021492347121,0.044456932041794,96.0,0.0408163265306122,2.1933757305145263,0.8103311884001703
ETTh2,NTD-CFE-exog,0.53625,0.314375,7.545,10.045,2.0635704944930784,0.3267419597705157,0.1170641572575641,396.65,0.1686437074829931,1.5334826850891112,0.8103311884001703
Electricity,COMET-exog,0.8160416666666667,0.550625,13.215,15.725,11.810377082933,0.340766060934402,0.2129202638939022,51196.62,0.949351357365376,6.852448023557663,0.7937670836477335
Electricity,DiffusionCF-exog,0.485625,0.32,7.68,9.56,112.3710427716294,1.120965375304222,0.4847973482310772,15293.265,0.2835867267467734,0.5066800189018249,0.7937670836477335
Electricity,DiffusionCF-target,0.420625,0.2593749999999999,6.225,8.145,131.02590265691455,0.0366619814466684,0.0008922448726661,48.0,0.0008900756564307,0.3570513641834259,0.7937670836477335
Electricity,ForecastCF-exog,0.8439583333333333,0.6804166666666667,16.33,17.81,11.465083812651546,0.0831805979087948,0.0658418528642505,46565.535,0.8634760235870048,0.1531251263618468,0.7937670836477335
Electricity,ForecastCF-target,0.4508333333333333,0.2787499999999999,6.69,8.765,115.43834322843766,0.0394391303230076,0.0020647215045755,146.115,0.0027094459279037,0.2011413633823394,0.7937670836477335
Electricity,GA-exog,0.4214583333333334,0.2543749999999999,6.105,8.13,132.1112363597351,0.0480858682002871,0.0014863407406664,95.505,0.0017709724076545,2.9098690545558927,0.7937670836477335
Electricity,NTD-CFE-exog,0.4608333333333334,0.2839583333333333,6.815,9.03,130.54377702377556,0.0539576363943251,0.0026668671224505,115.605,0.0021436915887849,1.316449739933014,0.7937670836477335
Weather,COMET-exog,0.9964583333333332,0.98625,23.67,23.83,0.0023760062121088,0.0466379206394776,0.025128905342426,4822.7,0.7974041005291005,0.0522011041641234,0.9707815380705128
Weather,DiffusionCF-exog,0.8341666666666667,0.8175,19.62,19.71,0.1257622869629563,0.7974331936240197,0.2389382784813642,903.995,0.1494700727513227,0.3025522339344024,0.9707815380705128
Weather,DiffusionCF-target,0.7972916666666667,0.7858333333333333,18.86,18.95,0.1690813146719397,0.0816209278581663,0.0067810856734285,48.0,0.0079365079365079,0.3054148578643798,0.9707815380705128
Weather,ForecastCF-exog,0.999375,0.995,23.88,23.98,4.0047167314884005e-05,0.0148787187458947,0.0135088939371052,2770.675,0.4581142526455026,0.0121298205852508,0.9707815380705128
Weather,ForecastCF-target,0.9204166666666668,0.8710416666666667,20.905,21.72,0.0373885122816748,0.0437919141276506,0.0088798002907423,142.55,0.0235697751322751,0.126319658756256,0.9707815380705128
Weather,GA-exog,0.8370833333333333,0.8002083333333333,19.205,19.72,0.1486580071228485,0.0621617784770205,0.0063955938900471,100.105,0.0165517526455025,1.2471226978302,0.9707815380705128
Weather,NTD-CFE-exog,0.9677083333333332,0.9491666666666668,22.78,23.105,0.0190781843317159,0.0434716022261272,0.0084476026200101,214.22,0.0354199735449735,0.7617114150524139,0.9707815380705128
