method,metric,metric_label,pearson_r,pearson_p,spearman_rho,spearman_p,n_datasets
COMET-exog,validity_ratio,Validity ratio,-0.24189218321724065,0.290784068261956,-0.4168831168831169,0.06010068446787318,21
COMET-exog,prefix_validity,Prefix validity,-0.05326242927907311,0.8186391561397758,-0.22857142857142856,0.31896739880565783,21
COMET-exog,max_consecutive_valid_steps,Max consecutive valid steps,-0.1736836598841828,0.45149041181675914,-0.35974025974025975,0.10921076405040114,21
COMET-exog,proximity_l2_scaled,Scaled L2 proximity,0.2539541536444166,0.26663791249443664,0.287012987012987,0.20714101817766592,21
COMET-exog,proximity_l1_scaled,Scaled L1 proximity,0.16167230676897995,0.48384189591469995,0.24415584415584415,0.286152904374841,21
COMET-exog,sparsity_ratio,Sparsity ratio,-0.14736054301916723,0.5238411926358462,-0.1155844155844156,0.6178368603191974,21
COMET-exog,runtime_sec,Runtime (s),-0.11625288046778029,0.6157916212483894,-0.24155844155844156,0.291470754429199,21
DiffusionCF-exog,validity_ratio,Validity ratio,-0.15596790698370547,0.4995998727063374,-0.3657031696611499,0.10304001494288802,21
DiffusionCF-exog,prefix_validity,Prefix validity,-0.028095787159755012,0.9037777275856103,-0.24358559258069484,0.28731522953175237,21
DiffusionCF-exog,max_consecutive_valid_steps,Max consecutive valid steps,-0.1252093027789873,0.5886574331450121,-0.35790843069856765,0.11115919217401514,21
DiffusionCF-exog,proximity_l2_scaled,Scaled L2 proximity,0.007977692458478555,0.9726218517235529,0.1753246753246753,0.4471597167322825,21
DiffusionCF-exog,proximity_l1_scaled,Scaled L1 proximity,-0.055689016536587095,0.8105178092790485,0.14675324675324675,0.5255721976110102,21
DiffusionCF-exog,sparsity_ratio,Sparsity ratio,-0.12675186362043994,0.5840358722657668,-0.14155844155844155,0.5404880300232261,21
DiffusionCF-exog,runtime_sec,Runtime (s),-0.08712230844173408,0.7072790630027808,-0.2597402597402597,0.2555191301623943,21
DiffusionCF-target,validity_ratio,Validity ratio,-0.13150704911196326,0.569887885149516,-0.35454545454545455,0.11480159086511355,21
DiffusionCF-target,prefix_validity,Prefix validity,-0.025239807839394016,0.9135215966468895,-0.2155844155844156,0.3479675136622996,21
DiffusionCF-target,max_consecutive_valid_steps,Max consecutive valid steps,-0.10399724351149003,0.653710922415475,-0.34935064935064936,0.12059625789406855,21
DiffusionCF-target,proximity_l2_scaled,Scaled L2 proximity,-0.09829627462774226,0.6716410826665149,-0.11298701298701298,0.6258096347836315,21
DiffusionCF-target,proximity_l1_scaled,Scaled L1 proximity,-0.03649824363854369,0.875192782956082,-0.005194805194805195,0.9821704184352004,21
DiffusionCF-target,sparsity_ratio,Sparsity ratio,0.18454820232312286,0.4232270699835376,0.17885277037215538,0.43792290390986144,21
DiffusionCF-target,runtime_sec,Runtime (s),-0.029365504763354405,0.899449965963331,-0.14285714285714285,0.5367409296165598,21
ForecastCF-exog,validity_ratio,Validity ratio,-0.23958806802181026,0.2955452525673627,-0.4285714285714285,0.05257154042070506,21
ForecastCF-exog,prefix_validity,Prefix validity,-0.06995750832264969,0.7631671849326264,-0.274025974025974,0.22935235226578057,21
ForecastCF-exog,max_consecutive_valid_steps,Max consecutive valid steps,-0.17778403341701693,0.4407102353392531,-0.38831168831168833,0.08194343705246764,21
ForecastCF-exog,proximity_l2_scaled,Scaled L2 proximity,0.4008207764880934,0.07175211408685912,0.5545454545454546,0.00908313059353282,21
ForecastCF-exog,proximity_l1_scaled,Scaled L1 proximity,0.3971639812658972,0.0746270291582979,0.5285714285714286,0.013763170931280443,21
ForecastCF-exog,sparsity_ratio,Sparsity ratio,0.33500795606447475,0.13768107315219794,0.19128208199912414,0.4061995270111806,21
ForecastCF-exog,runtime_sec,Runtime (s),0.09041027319499313,0.6967272506295333,-0.05584415584415584,0.8099992137199937,21
ForecastCF-target,validity_ratio,Validity ratio,-0.2016039431306032,0.3808439508493155,-0.42987012987012985,0.05178188171189559,21
ForecastCF-target,prefix_validity,Prefix validity,-0.2241076027899715,0.3287663765226044,-0.5806623329236934,0.005780016930670896,21
ForecastCF-target,max_consecutive_valid_steps,Max consecutive valid steps,-0.12766024406476553,0.5813216182217684,-0.3948051948051948,0.07652675452161194,21
ForecastCF-target,proximity_l2_scaled,Scaled L2 proximity,0.14676532399174191,0.5255377471260507,0.16623376623376623,0.471422022315551,21
ForecastCF-target,proximity_l1_scaled,Scaled L1 proximity,0.19452337728474567,0.3981395274243483,0.22467532467532467,0.3275102738815652,21
ForecastCF-target,sparsity_ratio,Sparsity ratio,0.34412234698737876,0.1266375457700313,0.4446927594902041,0.0434003378509167,21
ForecastCF-target,runtime_sec,Runtime (s),0.14389247382188494,0.533762348143845,0.1909090909090909,0.4071327297448127,21
GA-exog,validity_ratio,Validity ratio,-0.28884341155973275,0.2041301720746901,-0.4077922077922078,0.06650304724796141,21
GA-exog,prefix_validity,Prefix validity,-0.16678891659699008,0.46992158009823337,-0.348051948051948,0.12207717550592732,21
GA-exog,max_consecutive_valid_steps,Max consecutive valid steps,-0.2570083208128536,0.26073144298318757,-0.387012987012987,0.08306017415904404,21
GA-exog,proximity_l2_scaled,Scaled L2 proximity,0.07345672990514694,0.7516712924386245,0.2857142857142857,0.2092950927335546,21
GA-exog,proximity_l1_scaled,Scaled L1 proximity,0.051080494522282985,0.8259570142297474,0.24675324675324672,0.2808956712631186,21
GA-exog,sparsity_ratio,Sparsity ratio,0.1411000974590075,0.5418133367761764,0.2922077922077922,0.19867271696574043,21
GA-exog,runtime_sec,Runtime (s),0.16442857737944003,0.4763177514573815,-0.005194805194805195,0.9821704184352004,21
NTD-CFE-exog,validity_ratio,Validity ratio,-0.20246076857740203,0.3787801888973446,-0.3701298701298701,0.0986265069357616,21
NTD-CFE-exog,prefix_validity,Prefix validity,-0.0509619347456248,0.8263550483847235,-0.34155844155844156,0.12967786415595978,21
NTD-CFE-exog,max_consecutive_valid_steps,Max consecutive valid steps,-0.16007924460719886,0.4882175138557716,-0.3649350649350649,0.10382027127753134,21
NTD-CFE-exog,proximity_l2_scaled,Scaled L2 proximity,-0.3730055825111021,0.09583461599388125,-0.29740259740259745,0.19043999754486568,21
NTD-CFE-exog,proximity_l1_scaled,Scaled L1 proximity,-0.3394905039713691,0.13216768511204663,-0.2636363636363636,0.24820156437430954,21
NTD-CFE-exog,sparsity_ratio,Sparsity ratio,-0.22003214901042445,0.33786742039720874,-0.21428571428571425,0.35094954850355253,21
NTD-CFE-exog,runtime_sec,Runtime (s),0.027727412662126735,0.9050338084285794,-0.12727272727272726,0.5824788611326692,21
