dataset,family,source,path,frequency,modal_interval_minutes,frequency_consistency,variables_M,timestamps_T,target,start_date,end_date,missing_target,rows_with_missing_numeric,duplicate_timestamps,train_timesteps,STL_period,STL_cycle,seasonality_strength,trend_strength,noise_ratio,ADF_p,ADF_reject_5pct,seasonality_label,trend_label,noise_label,notes
piezo1,BRGM,measured CSV,/content/drive/MyDrive/Colab_Notebooks/Year1_PhD_Codes/03_Literature_Review_CE_for_TS_Forecasting/data/piezos/piezo1.csv,1 day,1440.0,1.0,4,10865,level,1994-08-03 00:00:00,2024-05-01 00:00:00,0,0,0,5432,365,annual (daily observations),0.5423453998291997,0.20838664188205303,0.4108560142822093,7.785261224235717e-05,Yes,Med.-high,Medium,High,
piezo2,BRGM,measured CSV,/content/drive/MyDrive/Colab_Notebooks/Year1_PhD_Codes/03_Literature_Review_CE_for_TS_Forecasting/data/piezos/piezo2.csv,1 day,1440.0,1.0,4,18074,level,1974-11-07 00:00:00,2024-05-01 00:00:00,0,0,0,9037,365,annual (daily observations),0.0,0.998014071727808,0.001988871723308597,0.24154658333766588,No,Low,High,Low,
piezo3,BRGM,measured CSV,/content/drive/MyDrive/Colab_Notebooks/Year1_PhD_Codes/03_Literature_Review_CE_for_TS_Forecasting/data/piezos/piezo3.csv,1 day,1440.0,1.0,4,10874,level,1994-07-24 00:00:00,2024-04-30 00:00:00,0,0,0,5437,365,annual (daily observations),0.7513637085510152,0.3477485937434893,0.22522682135787392,0.00013862247092405475,Yes,High,Medium,Medium,
piezo4,BRGM,measured CSV,/content/drive/MyDrive/Colab_Notebooks/Year1_PhD_Codes/03_Literature_Review_CE_for_TS_Forecasting/data/piezos/piezo4.csv,1 day,1440.0,1.0,4,10766,level,1994-11-10 00:00:00,2024-05-01 00:00:00,0,0,0,5383,365,annual (daily observations),0.4659082106889705,0.9803802625363959,0.019378415525694075,0.8063467146707255,No,Med.-high,High,Low,
piezo5,BRGM,measured CSV,/content/drive/MyDrive/Colab_Notebooks/Year1_PhD_Codes/03_Literature_Review_CE_for_TS_Forecasting/data/piezos/piezo5.csv,1 day,1440.0,1.0,4,9129,level,1994-08-01 00:00:00,2019-07-29 00:00:00,0,0,0,4564,365,annual (daily observations),0.5276550366384074,0.5311693479845594,0.30243433710009404,0.003408336573513302,Yes,Med.-high,Med.-high,High,
piezo6,BRGM,measured CSV,/content/drive/MyDrive/Colab_Notebooks/Year1_PhD_Codes/03_Literature_Review_CE_for_TS_Forecasting/data/piezos/piezo6.csv,1 day,1440.0,1.0,4,21036,level,1966-09-27 00:00:00,2024-04-30 00:00:00,0,0,0,10518,365,annual (daily observations),0.29719597787820784,0.9928832227193618,0.007114699893085021,0.8932149055962455,No,Medium,High,Low,
piezo7,BRGM,measured CSV,/content/drive/MyDrive/Colab_Notebooks/Year1_PhD_Codes/03_Literature_Review_CE_for_TS_Forecasting/data/piezos/piezo7.csv,1 day,1440.0,1.0,4,18082,level,1974-10-28 00:00:00,2024-04-29 00:00:00,0,0,0,9041,365,annual (daily observations),0.3785802370866931,0.9624988182277295,0.03670758206388446,0.034235504186890114,Yes,Medium,High,Low,
piezo8,BRGM,measured CSV,/content/drive/MyDrive/Colab_Notebooks/Year1_PhD_Codes/03_Literature_Review_CE_for_TS_Forecasting/data/piezos/piezo8.csv,1 day,1440.0,1.0,4,10796,level,1994-10-11 00:00:00,2024-05-01 00:00:00,0,0,0,5398,365,annual (daily observations),0.7542405725589324,0.540132294906944,0.19020411848835292,0.00040043404633622297,Yes,High,Med.-high,Medium,
piezo9,BRGM,measured CSV,/content/drive/MyDrive/Colab_Notebooks/Year1_PhD_Codes/03_Literature_Review_CE_for_TS_Forecasting/data/piezos/piezo9.csv,1 day,1440.0,1.0,4,20727,level,1967-08-01 00:00:00,2024-04-29 00:00:00,0,0,0,10363,365,annual (daily observations),0.006512124959141663,0.9956365455945957,0.004364924252452919,0.948367177046319,No,Low,High,Low,
piezo11,BRGM,measured CSV,/content/drive/MyDrive/Colab_Notebooks/Year1_PhD_Codes/03_Literature_Review_CE_for_TS_Forecasting/data/piezos/piezo11.csv,1 day,1440.0,1.0,4,21386,level,1965-10-13 00:00:00,2024-05-01 00:00:00,0,0,0,10693,365,annual (daily observations),0.14471876344361656,0.9965929846931983,0.0034030155929811144,0.9784657380243262,No,Low,High,Low,
piezo12,BRGM,measured CSV,/content/drive/MyDrive/Colab_Notebooks/Year1_PhD_Codes/03_Literature_Review_CE_for_TS_Forecasting/data/piezos/piezo12.csv,1 day,1440.0,1.0,4,21382,level,1965-10-14 00:00:00,2024-04-28 00:00:00,0,0,0,10691,365,annual (daily observations),0.4021714095045127,0.9781883278916425,0.02150783055430425,0.6790744387005776,No,Med.-high,High,Low,
piezo13,BRGM,measured CSV,/content/drive/MyDrive/Colab_Notebooks/Year1_PhD_Codes/03_Literature_Review_CE_for_TS_Forecasting/data/piezos/piezo13.csv,1 day,1440.0,1.0,4,8703,level,2001-09-20 00:00:00,2025-07-18 00:00:00,0,0,0,4351,365,annual (daily observations),0.34518473860863474,0.7899383826586082,0.1880764050927791,0.10136163550005939,No,Medium,High,Medium,
piezo14,BRGM,measured CSV,/content/drive/MyDrive/Colab_Notebooks/Year1_PhD_Codes/03_Literature_Review_CE_for_TS_Forecasting/data/piezos/piezo14.csv,1 day,1440.0,1.0,4,10402,level,1997-01-28 00:00:00,2025-07-21 00:00:00,0,0,0,5201,365,annual (daily observations),0.02286259425461845,0.8945247989676965,0.1047450658739571,0.061673753962831895,No,Low,High,Medium,
piezo15,BRGM,measured CSV,/content/drive/MyDrive/Colab_Notebooks/Year1_PhD_Codes/03_Literature_Review_CE_for_TS_Forecasting/data/piezos/piezo15.csv,1 day,1440.0,1.0,4,8845,level,2001-05-04 00:00:00,2025-07-21 00:00:00,0,0,0,4422,365,annual (daily observations),0.024358714374962953,0.7377051845689782,0.26420850285600195,0.21798033053294052,No,Low,High,Medium,
piezo16,BRGM,measured CSV,/content/drive/MyDrive/Colab_Notebooks/Year1_PhD_Codes/03_Literature_Review_CE_for_TS_Forecasting/data/piezos/piezo16.csv,1 day,1440.0,1.0,4,7530,level,2004-12-09 00:00:00,2025-07-21 00:00:00,0,0,0,3765,365,annual (daily observations),0.09016835122880607,0.07776244732737114,0.8607576491011094,1.459996602214824e-07,Yes,Low,Low,High,
piezo17,BRGM,measured CSV,/content/drive/MyDrive/Colab_Notebooks/Year1_PhD_Codes/03_Literature_Review_CE_for_TS_Forecasting/data/piezos/piezo17.csv,1 day,1440.0,1.0,4,10673,level,1992-02-20 00:00:00,2021-05-10 00:00:00,0,0,0,5336,365,annual (daily observations),0.34865838661169823,0.9279169331406395,0.0696537400228995,0.32215385561571175,No,Medium,High,Low,
piezo18,BRGM,measured CSV,/content/drive/MyDrive/Colab_Notebooks/Year1_PhD_Codes/03_Literature_Review_CE_for_TS_Forecasting/data/piezos/piezo18.csv,1 day,1440.0,1.0,4,8747,level,2001-08-09 00:00:00,2025-07-20 00:00:00,0,0,0,4373,365,annual (daily observations),0.4285180722782439,0.8986398695887422,0.09481246838544857,0.2892871957979014,No,Med.-high,High,Low,
ETTh1,Public,measured CSV,/content/drive/MyDrive/Colab_Notebooks/Year1_PhD_Codes/03_Literature_Review_CE_for_TS_Forecasting/data/Other/ETT-small/ETTh1.csv,1 hour,60.0,1.0,7,17420,OT,2016-07-01 00:00:00,2018-06-26 19:00:00,0,0,0,8710,24,daily,0.33064561930756886,0.9185403989731774,0.07828966266124845,1.4988961023566703e-05,Yes,Medium,High,Low,
ETTh2,Public,measured CSV,/content/drive/MyDrive/Colab_Notebooks/Year1_PhD_Codes/03_Literature_Review_CE_for_TS_Forecasting/data/Other/ETT-small/ETTh2.csv,1 hour,60.0,1.0,7,17420,OT,2016-07-01 00:00:00,2018-06-26 19:00:00,0,0,0,8710,24,daily,0.6127382972567206,0.9239489890095526,0.06781123143454497,2.8327882372445863e-05,Yes,Med.-high,High,Low,
Weather,Public,measured CSV,/content/drive/MyDrive/Colab_Notebooks/Year1_PhD_Codes/03_Literature_Review_CE_for_TS_Forecasting/data/Other/weather/weather_cleaned.csv,10 min,10.0,1.0,21,52704,T (degC),2020-01-01 00:10:00,2021-01-01 00:00:00,0,0,0,26352,144,daily,0.7783319307733219,0.8216803104044226,0.10903137668238255,5.3075794869454125e-11,Yes,High,High,Medium,
Electricity,Public,measured CSV,/content/drive/MyDrive/Colab_Notebooks/Year1_PhD_Codes/03_Literature_Review_CE_for_TS_Forecasting/data/Other/electricity/electricity.csv,1 hour,60.0,1.0,321,26304,319,2016-07-01 02:00:00,2019-07-02 01:00:00,0,0,0,13152,24,daily,0.4140831323089962,0.5820215485146458,0.32142061261547306,1.271392559799156e-24,Yes,Med.-high,Med.-high,High,
