dataset,gru_lr,best_val_loss,val_mae,val_rmse,val_r2,n_val_windows
piezo1,1e-05,0.6929775430352648,0.5620157718658447,0.6220505260632414,0.14996665716171265,1086
piezo1,3e-05,0.6924721234191628,0.5616058111190796,0.619807392743629,0.15608608722686768,1086
piezo1,0.0001,0.6922654187920783,0.561438262462616,0.6225276206296455,0.14866220951080322,1086
piezo1,0.0003,0.6840724265597363,0.5547935962677002,0.6247267602641028,0.1426367163658142,1086
piezo1,0.001,0.681511085665687,0.5527162551879883,0.6166214822204454,0.1647394895553589,1086
piezo1,0.003,0.6789499233660338,0.5506391525268555,0.6319631127218904,0.12265962362289429,1086
piezo11,1e-05,0.0482547838516164,0.10835017263889313,0.13029889454244598,0.9745702743530273,2138
piezo11,3e-05,0.03804582141695232,0.08542721718549728,0.1057043138156643,0.9832642078399658,2138
piezo11,0.0001,0.03315380577719357,0.0744428038597107,0.0932066690038148,0.9869877099990845,2138
piezo11,0.0003,0.017544121205304915,0.03939318284392357,0.054447075584406465,0.9955597519874573,2138
piezo11,0.001,0.019996122335988967,0.044898826628923416,0.060290321817798885,0.9945555329322815,2138
piezo11,0.003,0.022672380400007856,0.05090804025530815,0.06529372949981477,0.9936143755912781,2138
piezo12,1e-05,0.05757871690973765,0.09710847586393356,0.14117133454481662,0.9780812859535217,2138
piezo12,3e-05,0.04673019714019252,0.07881210744380951,0.11821318622033758,0.9846307039260864,2138
piezo12,0.0001,0.030008865530812594,0.05061100050806999,0.0745740998097185,0.9938835501670837,2138
piezo12,0.0003,0.029626631769512836,0.049966342747211456,0.07380039802003123,0.9940098524093628,2138
piezo12,0.001,0.028476983488261196,0.04802742600440979,0.07138845295502129,0.9943949580192566,2138
piezo12,0.003,0.031032225472540694,0.0523369200527668,0.0785723070020656,0.9932101368904114,2138
piezo13,1e-05,0.19215565505384027,0.6408993601799011,1.123436689310219,0.8572242856025696,870
piezo13,3e-05,0.12559778733157564,0.41890808939933777,0.927439496208185,0.9026965498924255,870
piezo13,0.0001,0.10612236365847204,0.35395142436027527,0.9037241100227646,0.9076091647148132,870
piezo13,0.0003,0.10661204227770882,0.35558468103408813,0.8977064060577954,0.9088355302810669,870
piezo13,0.001,0.10510751652135246,0.350566565990448,0.8959189566272301,0.9091981649398804,870
piezo13,0.003,0.10604770970584332,0.3537024259567261,0.9030434013911749,0.907748281955719,870
piezo14,1e-05,0.40364440175203176,0.6077774167060852,0.8982682441835546,0.03440093994140625,1040
piezo14,3e-05,0.26063314171937796,0.3924418091773987,0.7811307816141142,0.2698161005973816,1040
piezo14,0.0001,0.20128925488545343,0.30308619141578674,0.749334954407942,0.3280503749847412,1040
piezo14,0.0003,0.18670335916372446,0.2811238467693329,0.7431830705775848,0.3390381932258606,1040
piezo14,0.001,0.18371390333542456,0.27662259340286255,0.7422296210935126,0.34073305130004883,1040
piezo14,0.003,0.14600890553914583,0.21984919905662537,0.7331532399884158,0.3567582368850708,1040
piezo15,1e-05,0.15925709384059475,0.23650678992271423,0.37794147640638964,0.8020529747009277,884
piezo15,3e-05,0.09251824041567237,0.13739541172981262,0.25962236225567925,0.9065920114517212,884
piezo15,0.0001,0.0799524371440594,0.11873438954353333,0.2236153624943619,0.9307048320770264,884
piezo15,0.0003,0.07284135475957015,0.10817398875951767,0.20682705399957205,0.9407191276550293,884
piezo15,0.001,0.07202343325809116,0.10695933550596237,0.20681981320159326,0.9407232999801636,884
piezo15,0.003,0.07508957814172382,0.11151272803544998,0.21148918557869853,0.9380164742469788,884
piezo16,1e-05,0.24151478219000624,2.454467296600342,5.315043121191676,0.3464292883872986,753
piezo16,3e-05,0.21279973072676386,2.162642002105713,5.559482398880046,0.28493136167526245,753
piezo16,0.0001,0.19793030754186877,2.0115268230438232,5.36833682796282,0.33325690031051636,753
piezo16,0.0003,0.18425650635405208,1.8725626468658447,4.382815981504856,0.5555883646011353,753
piezo16,0.001,0.18127797716167343,1.8422925472259521,4.311219840847052,0.5699892044067383,753
piezo16,0.003,0.19045004913531452,1.9355064630508423,4.445943616639103,0.5426939725875854,753
piezo17,1e-05,0.5633796780268053,1.0783047676086426,1.1940982111023672,-0.8966269493103027,1067
piezo17,3e-05,0.23737060150171735,0.45432567596435547,0.5519081113565872,0.5948317646980286,1067
piezo17,0.0001,0.2097111602908222,0.40138569474220276,0.4963817661480366,0.6722569465637207,1067
piezo17,0.0003,0.18907292799949088,0.36188429594039917,0.4481421631222416,0.7328633666038513,1067
piezo17,0.001,0.15555286582737407,0.2977270781993866,0.38095942430250646,0.8069546818733215,1067
piezo17,0.003,0.12772446865915918,0.2444637417793274,0.31775541295454,0.865696370601654,1067
piezo18,1e-05,0.1146036237733997,0.10641542077064514,0.14835828625047004,0.9422252774238586,874
piezo18,3e-05,0.09669139633462413,0.08978299051523209,0.12741355299305415,0.9573866724967957,874
piezo18,0.0001,0.07779074086886521,0.07223273068666458,0.10389756869139223,0.9716649055480957,874
piezo18,0.0003,0.07680799107938936,0.07132022082805634,0.10310600315308861,0.9720950126647949,874
piezo18,0.001,0.07798266025511569,0.0724109634757042,0.10488106212895797,0.9711259007453918,874
piezo18,0.003,0.08091500893371602,0.0751337856054306,0.10501526987639814,0.9710519909858704,874
piezo2,1e-05,0.036096704131127325,0.0932047888636589,0.12073731648009291,0.9973977208137512,1807
piezo2,3e-05,0.03236987428790176,0.08358174562454224,0.11058234245657794,0.9978170394897461,1807
piezo2,0.0001,0.015569363547541617,0.040201425552368164,0.061073603918227644,0.9993341565132141,1807
piezo2,0.0003,0.026195496627901164,0.06763898581266403,0.0940869999738223,0.9984197616577148,1807
piezo2,0.001,0.010715866223798151,0.02766926772892475,0.038081228441941804,0.9997411370277405,1807
piezo2,0.003,0.012700171037213737,0.03279292583465576,0.04526581949449654,0.9996342062950134,1807
piezo3,1e-05,0.22712106094545692,0.5211434364318848,0.8616769996690032,0.838149905204773,1087
piezo3,3e-05,0.183908848158789,0.4219903349876404,0.7299042831010919,0.8838669657707214,1087
piezo3,0.0001,0.1814734889357158,0.41640225052833557,0.7301922034977638,0.8837753534317017,1087
piezo3,0.0003,0.17016109637059307,0.3904452323913574,0.7265260748807915,0.8849394917488098,1087
piezo3,0.001,0.16962986830159296,0.38922634720802307,0.7054451702988934,0.8915197849273682,1087
piezo3,0.003,0.17157314714342492,0.39368534088134766,0.7086290041597924,0.8905383944511414,1087
piezo4,1e-05,0.030517992587780863,0.047728292644023895,0.06222383386001809,0.9168819785118103,1076
piezo4,3e-05,0.023059939557070183,0.03606436029076576,0.05176357696029942,0.9424784779548645,1076
piezo4,0.0001,0.02079548370300837,0.03252285718917847,0.0475452138929947,0.9514716863632202,1076
piezo4,0.0003,0.022574854800027543,0.0353056937456131,0.05037110471780812,0.9455316066741943,1076
piezo4,0.001,0.021197365340690187,0.03315138816833496,0.04636766895841231,0.9538456797599792,1076
piezo4,0.003,0.020829697004536712,0.032576389610767365,0.047229955253967816,0.9521130919456482,1076
piezo5,1e-05,0.169792993549715,0.3838772177696228,0.562489430010349,0.707445502281189,912
piezo5,3e-05,0.12130297537435565,0.2742483615875244,0.449276630155775,0.8133595585823059,912
piezo5,0.0001,0.10373398177979286,0.2345273643732071,0.4130372363662028,0.8422546982765198,912
piezo5,0.0003,0.10271468353376054,0.23222292959690094,0.41339671391503857,0.84197998046875,912
piezo5,0.001,0.09609059414319825,0.21724678575992584,0.3980057939438359,0.8535272479057312,912
piezo5,0.003,0.10089772129267977,0.2281150221824646,0.4079362096998411,0.846126914024353,912
piezo6,1e-05,0.04991890077447741,0.0943031758069992,0.12479067202868485,0.9934449791908264,2103
piezo6,3e-05,0.03630115700991053,0.06857749819755554,0.09709627775162226,0.9960315823554993,2103
piezo6,0.0001,0.026011721692940363,0.04913945496082306,0.07548060421318775,0.9976018071174622,2103
piezo6,0.0003,0.021400905002787164,0.04042905941605568,0.06447298293101726,0.9982503056526184,2103
piezo6,0.001,0.023363561325193273,0.04413674771785736,0.06754195728353221,0.998079776763916,2103
piezo6,0.003,0.026985969184532485,0.050979942083358765,0.07573815194347672,0.9975854158401489,2103
piezo7,1e-05,0.07050277780642551,0.07505796104669571,0.10642358138117013,0.9602137207984924,1808
piezo7,3e-05,0.05965005454763902,0.06350403279066086,0.09553527710175402,0.9679384231567383,1808
piezo7,0.0001,0.046441129219215525,0.049441687762737274,0.09460405903378662,0.9685603976249695,1808
piezo7,0.0003,0.04308791076187539,0.0458717979490757,0.09194853105145669,0.9703006744384766,1808
piezo7,0.001,0.04049016205610427,0.043106235563755035,0.07954127637751338,0.977774977684021,1808
piezo7,0.003,0.04488831198057242,0.04778851196169853,0.07840028185687319,0.9784080386161804,1808
piezo8,1e-05,0.19387441090514418,0.18481692671775818,0.3085777302700413,0.8606895208358765,1079
piezo8,3e-05,0.18154377985376247,0.17306238412857056,0.294765190793508,0.8728820085525513,1079
piezo8,0.0001,0.17950746914211305,0.1711212396621704,0.2905361911484394,0.8765033483505249,1079
piezo8,0.0003,0.17480584621374204,0.16663920879364014,0.28116255301423004,0.8843436241149902,1079
piezo8,0.001,0.16397917194704528,0.15631838142871857,0.2631540228769039,0.8986847996711731,1079
piezo8,0.003,0.16432922240260356,0.1566520482301712,0.2657393041272332,0.8966843485832214,1079
piezo9,1e-05,0.03822659939872712,0.06822914630174637,0.0881865737470665,0.9958356618881226,2072
piezo9,3e-05,0.031826066435764196,0.056805092841386795,0.0748710359248831,0.9969983100891113,2072
piezo9,0.0001,0.017518984376808853,0.03126894682645798,0.04342106471990662,0.9989904165267944,2072
piezo9,0.0003,0.01668290745711465,0.029776668176054955,0.04168866630387166,0.9990693926811218,2072
piezo9,0.001,0.016770263256426023,0.02993258647620678,0.04170337875127504,0.9990687370300293,2072
piezo9,0.003,0.01708154203406172,0.03048817254602909,0.04198347600131266,0.9990561604499817,2072
