dataset,method,rank,metric
ETTh1,ForecastCF-target,1.0,validity_ratio
ETTh2,ForecastCF-target,1.0,validity_ratio
Electricity,ForecastCF-target,5.0,validity_ratio
Weather,ForecastCF-target,4.0,validity_ratio
piezo1,ForecastCF-target,4.0,validity_ratio
piezo11,ForecastCF-target,1.0,validity_ratio
piezo12,ForecastCF-target,1.0,validity_ratio
piezo13,ForecastCF-target,1.0,validity_ratio
piezo14,ForecastCF-target,1.0,validity_ratio
piezo15,ForecastCF-target,1.0,validity_ratio
piezo16,ForecastCF-target,4.0,validity_ratio
piezo17,ForecastCF-target,1.0,validity_ratio
piezo18,ForecastCF-target,1.0,validity_ratio
piezo2,ForecastCF-target,1.0,validity_ratio
piezo3,ForecastCF-target,1.0,validity_ratio
piezo4,ForecastCF-target,1.0,validity_ratio
piezo5,ForecastCF-target,1.0,validity_ratio
piezo6,ForecastCF-target,1.0,validity_ratio
piezo7,ForecastCF-target,1.0,validity_ratio
piezo8,ForecastCF-target,3.0,validity_ratio
piezo9,ForecastCF-target,1.0,validity_ratio
ETTh1,ForecastCF-exog,2.0,validity_ratio
ETTh2,ForecastCF-exog,2.0,validity_ratio
Electricity,ForecastCF-exog,1.0,validity_ratio
Weather,ForecastCF-exog,1.0,validity_ratio
piezo1,ForecastCF-exog,1.0,validity_ratio
piezo11,ForecastCF-exog,2.0,validity_ratio
piezo12,ForecastCF-exog,3.0,validity_ratio
piezo13,ForecastCF-exog,2.0,validity_ratio
piezo14,ForecastCF-exog,2.0,validity_ratio
piezo15,ForecastCF-exog,2.0,validity_ratio
piezo16,ForecastCF-exog,2.0,validity_ratio
piezo17,ForecastCF-exog,2.0,validity_ratio
piezo18,ForecastCF-exog,2.0,validity_ratio
piezo2,ForecastCF-exog,3.0,validity_ratio
piezo3,ForecastCF-exog,2.0,validity_ratio
piezo4,ForecastCF-exog,2.0,validity_ratio
piezo5,ForecastCF-exog,2.0,validity_ratio
piezo6,ForecastCF-exog,2.0,validity_ratio
piezo7,ForecastCF-exog,2.0,validity_ratio
piezo8,ForecastCF-exog,1.0,validity_ratio
piezo9,ForecastCF-exog,2.0,validity_ratio
ETTh1,COMET-exog,3.0,validity_ratio
ETTh2,COMET-exog,3.0,validity_ratio
Electricity,COMET-exog,2.0,validity_ratio
Weather,COMET-exog,2.0,validity_ratio
piezo1,COMET-exog,3.0,validity_ratio
piezo11,COMET-exog,3.0,validity_ratio
piezo12,COMET-exog,4.0,validity_ratio
piezo13,COMET-exog,3.0,validity_ratio
piezo14,COMET-exog,3.0,validity_ratio
piezo15,COMET-exog,3.0,validity_ratio
piezo16,COMET-exog,3.0,validity_ratio
piezo17,COMET-exog,3.0,validity_ratio
piezo18,COMET-exog,3.0,validity_ratio
piezo2,COMET-exog,4.0,validity_ratio
piezo3,COMET-exog,3.0,validity_ratio
piezo4,COMET-exog,3.0,validity_ratio
piezo5,COMET-exog,3.0,validity_ratio
piezo6,COMET-exog,3.0,validity_ratio
piezo7,COMET-exog,3.0,validity_ratio
piezo8,COMET-exog,2.0,validity_ratio
piezo9,COMET-exog,3.0,validity_ratio
ETTh1,DiffusionCF-target,7.0,validity_ratio
ETTh2,DiffusionCF-target,6.0,validity_ratio
Electricity,DiffusionCF-target,7.0,validity_ratio
Weather,DiffusionCF-target,7.0,validity_ratio
piezo1,DiffusionCF-target,7.0,validity_ratio
piezo11,DiffusionCF-target,4.0,validity_ratio
piezo12,DiffusionCF-target,2.0,validity_ratio
piezo13,DiffusionCF-target,4.0,validity_ratio
piezo14,DiffusionCF-target,6.0,validity_ratio
piezo15,DiffusionCF-target,6.0,validity_ratio
piezo16,DiffusionCF-target,6.0,validity_ratio
piezo17,DiffusionCF-target,6.0,validity_ratio
piezo18,DiffusionCF-target,4.0,validity_ratio
piezo2,DiffusionCF-target,2.0,validity_ratio
piezo3,DiffusionCF-target,6.0,validity_ratio
piezo4,DiffusionCF-target,6.0,validity_ratio
piezo5,DiffusionCF-target,6.0,validity_ratio
piezo6,DiffusionCF-target,6.0,validity_ratio
piezo7,DiffusionCF-target,4.0,validity_ratio
piezo8,DiffusionCF-target,7.0,validity_ratio
piezo9,DiffusionCF-target,4.0,validity_ratio
ETTh1,DiffusionCF-exog,6.0,validity_ratio
ETTh2,DiffusionCF-exog,7.0,validity_ratio
Electricity,DiffusionCF-exog,3.0,validity_ratio
Weather,DiffusionCF-exog,6.0,validity_ratio
piezo1,DiffusionCF-exog,6.0,validity_ratio
piezo11,DiffusionCF-exog,7.0,validity_ratio
piezo12,DiffusionCF-exog,7.0,validity_ratio
piezo13,DiffusionCF-exog,7.0,validity_ratio
piezo14,DiffusionCF-exog,7.0,validity_ratio
piezo15,DiffusionCF-exog,7.0,validity_ratio
piezo16,DiffusionCF-exog,7.0,validity_ratio
piezo17,DiffusionCF-exog,7.0,validity_ratio
piezo18,DiffusionCF-exog,7.0,validity_ratio
piezo2,DiffusionCF-exog,7.0,validity_ratio
piezo3,DiffusionCF-exog,7.0,validity_ratio
piezo4,DiffusionCF-exog,7.0,validity_ratio
piezo5,DiffusionCF-exog,7.0,validity_ratio
piezo6,DiffusionCF-exog,7.0,validity_ratio
piezo7,DiffusionCF-exog,6.0,validity_ratio
piezo8,DiffusionCF-exog,6.0,validity_ratio
piezo9,DiffusionCF-exog,7.0,validity_ratio
ETTh1,NTD-CFE-exog,5.0,validity_ratio
ETTh2,NTD-CFE-exog,5.0,validity_ratio
Electricity,NTD-CFE-exog,4.0,validity_ratio
Weather,NTD-CFE-exog,3.0,validity_ratio
piezo1,NTD-CFE-exog,5.0,validity_ratio
piezo11,NTD-CFE-exog,5.0,validity_ratio
piezo12,NTD-CFE-exog,5.0,validity_ratio
piezo13,NTD-CFE-exog,6.0,validity_ratio
piezo14,NTD-CFE-exog,5.0,validity_ratio
piezo15,NTD-CFE-exog,5.0,validity_ratio
piezo16,NTD-CFE-exog,5.0,validity_ratio
piezo17,NTD-CFE-exog,5.0,validity_ratio
piezo18,NTD-CFE-exog,6.0,validity_ratio
piezo2,NTD-CFE-exog,5.0,validity_ratio
piezo3,NTD-CFE-exog,4.0,validity_ratio
piezo4,NTD-CFE-exog,5.0,validity_ratio
piezo5,NTD-CFE-exog,5.0,validity_ratio
piezo6,NTD-CFE-exog,4.0,validity_ratio
piezo7,NTD-CFE-exog,5.0,validity_ratio
piezo8,NTD-CFE-exog,4.0,validity_ratio
piezo9,NTD-CFE-exog,5.0,validity_ratio
ETTh1,GA-exog,4.0,validity_ratio
ETTh2,GA-exog,4.0,validity_ratio
Electricity,GA-exog,6.0,validity_ratio
Weather,GA-exog,5.0,validity_ratio
piezo1,GA-exog,2.0,validity_ratio
piezo11,GA-exog,6.0,validity_ratio
piezo12,GA-exog,6.0,validity_ratio
piezo13,GA-exog,5.0,validity_ratio
piezo14,GA-exog,4.0,validity_ratio
piezo15,GA-exog,4.0,validity_ratio
piezo16,GA-exog,1.0,validity_ratio
piezo17,GA-exog,4.0,validity_ratio
piezo18,GA-exog,5.0,validity_ratio
piezo2,GA-exog,6.0,validity_ratio
piezo3,GA-exog,5.0,validity_ratio
piezo4,GA-exog,4.0,validity_ratio
piezo5,GA-exog,4.0,validity_ratio
piezo6,GA-exog,5.0,validity_ratio
piezo7,GA-exog,7.0,validity_ratio
piezo8,GA-exog,5.0,validity_ratio
piezo9,GA-exog,6.0,validity_ratio
ETTh1,ForecastCF-target,1.0,stepwise_validity_auc
ETTh2,ForecastCF-target,4.0,stepwise_validity_auc
Electricity,ForecastCF-target,5.0,stepwise_validity_auc
Weather,ForecastCF-target,4.0,stepwise_validity_auc
piezo1,ForecastCF-target,7.0,stepwise_validity_auc
piezo11,ForecastCF-target,7.0,stepwise_validity_auc
piezo12,ForecastCF-target,7.0,stepwise_validity_auc
piezo13,ForecastCF-target,6.0,stepwise_validity_auc
piezo14,ForecastCF-target,7.0,stepwise_validity_auc
piezo15,ForecastCF-target,7.0,stepwise_validity_auc
piezo16,ForecastCF-target,5.0,stepwise_validity_auc
piezo17,ForecastCF-target,7.0,stepwise_validity_auc
piezo18,ForecastCF-target,7.0,stepwise_validity_auc
piezo2,ForecastCF-target,7.0,stepwise_validity_auc
piezo3,ForecastCF-target,7.0,stepwise_validity_auc
piezo4,ForecastCF-target,7.0,stepwise_validity_auc
piezo5,ForecastCF-target,7.0,stepwise_validity_auc
piezo6,ForecastCF-target,7.0,stepwise_validity_auc
piezo7,ForecastCF-target,7.0,stepwise_validity_auc
piezo8,ForecastCF-target,7.0,stepwise_validity_auc
piezo9,ForecastCF-target,7.0,stepwise_validity_auc
ETTh1,ForecastCF-exog,3.0,stepwise_validity_auc
ETTh2,ForecastCF-exog,1.0,stepwise_validity_auc
Electricity,ForecastCF-exog,1.0,stepwise_validity_auc
Weather,ForecastCF-exog,1.0,stepwise_validity_auc
piezo1,ForecastCF-exog,3.0,stepwise_validity_auc
piezo11,ForecastCF-exog,2.0,stepwise_validity_auc
piezo12,ForecastCF-exog,1.0,stepwise_validity_auc
piezo13,ForecastCF-exog,1.0,stepwise_validity_auc
piezo14,ForecastCF-exog,6.0,stepwise_validity_auc
piezo15,ForecastCF-exog,1.0,stepwise_validity_auc
piezo16,ForecastCF-exog,2.0,stepwise_validity_auc
piezo17,ForecastCF-exog,1.0,stepwise_validity_auc
piezo18,ForecastCF-exog,1.0,stepwise_validity_auc
piezo2,ForecastCF-exog,1.0,stepwise_validity_auc
piezo3,ForecastCF-exog,1.0,stepwise_validity_auc
piezo4,ForecastCF-exog,5.0,stepwise_validity_auc
piezo5,ForecastCF-exog,1.0,stepwise_validity_auc
piezo6,ForecastCF-exog,1.0,stepwise_validity_auc
piezo7,ForecastCF-exog,1.0,stepwise_validity_auc
piezo8,ForecastCF-exog,1.0,stepwise_validity_auc
piezo9,ForecastCF-exog,2.0,stepwise_validity_auc
ETTh1,COMET-exog,4.0,stepwise_validity_auc
ETTh2,COMET-exog,3.0,stepwise_validity_auc
Electricity,COMET-exog,2.0,stepwise_validity_auc
Weather,COMET-exog,2.0,stepwise_validity_auc
piezo1,COMET-exog,4.0,stepwise_validity_auc
piezo11,COMET-exog,1.0,stepwise_validity_auc
piezo12,COMET-exog,2.0,stepwise_validity_auc
piezo13,COMET-exog,2.0,stepwise_validity_auc
piezo14,COMET-exog,5.0,stepwise_validity_auc
piezo15,COMET-exog,2.0,stepwise_validity_auc
piezo16,COMET-exog,3.0,stepwise_validity_auc
piezo17,COMET-exog,2.0,stepwise_validity_auc
piezo18,COMET-exog,2.0,stepwise_validity_auc
piezo2,COMET-exog,2.0,stepwise_validity_auc
piezo3,COMET-exog,2.0,stepwise_validity_auc
piezo4,COMET-exog,3.0,stepwise_validity_auc
piezo5,COMET-exog,2.0,stepwise_validity_auc
piezo6,COMET-exog,2.0,stepwise_validity_auc
piezo7,COMET-exog,2.0,stepwise_validity_auc
piezo8,COMET-exog,2.0,stepwise_validity_auc
piezo9,COMET-exog,1.0,stepwise_validity_auc
ETTh1,DiffusionCF-target,7.0,stepwise_validity_auc
ETTh2,DiffusionCF-target,6.0,stepwise_validity_auc
Electricity,DiffusionCF-target,6.0,stepwise_validity_auc
Weather,DiffusionCF-target,7.0,stepwise_validity_auc
piezo1,DiffusionCF-target,6.0,stepwise_validity_auc
piezo11,DiffusionCF-target,5.5,stepwise_validity_auc
piezo12,DiffusionCF-target,4.0,stepwise_validity_auc
piezo13,DiffusionCF-target,4.0,stepwise_validity_auc
piezo14,DiffusionCF-target,3.0,stepwise_validity_auc
piezo15,DiffusionCF-target,6.0,stepwise_validity_auc
piezo16,DiffusionCF-target,6.0,stepwise_validity_auc
piezo17,DiffusionCF-target,5.0,stepwise_validity_auc
piezo18,DiffusionCF-target,4.0,stepwise_validity_auc
piezo2,DiffusionCF-target,3.0,stepwise_validity_auc
piezo3,DiffusionCF-target,5.0,stepwise_validity_auc
piezo4,DiffusionCF-target,6.0,stepwise_validity_auc
piezo5,DiffusionCF-target,6.0,stepwise_validity_auc
piezo6,DiffusionCF-target,6.0,stepwise_validity_auc
piezo7,DiffusionCF-target,6.0,stepwise_validity_auc
piezo8,DiffusionCF-target,6.0,stepwise_validity_auc
piezo9,DiffusionCF-target,6.0,stepwise_validity_auc
ETTh1,DiffusionCF-exog,6.0,stepwise_validity_auc
ETTh2,DiffusionCF-exog,7.0,stepwise_validity_auc
Electricity,DiffusionCF-exog,3.0,stepwise_validity_auc
Weather,DiffusionCF-exog,5.0,stepwise_validity_auc
piezo1,DiffusionCF-exog,5.0,stepwise_validity_auc
piezo11,DiffusionCF-exog,5.5,stepwise_validity_auc
piezo12,DiffusionCF-exog,6.0,stepwise_validity_auc
piezo13,DiffusionCF-exog,7.0,stepwise_validity_auc
piezo14,DiffusionCF-exog,4.0,stepwise_validity_auc
piezo15,DiffusionCF-exog,5.0,stepwise_validity_auc
piezo16,DiffusionCF-exog,7.0,stepwise_validity_auc
piezo17,DiffusionCF-exog,6.0,stepwise_validity_auc
piezo18,DiffusionCF-exog,6.0,stepwise_validity_auc
piezo2,DiffusionCF-exog,6.0,stepwise_validity_auc
piezo3,DiffusionCF-exog,6.0,stepwise_validity_auc
piezo4,DiffusionCF-exog,4.0,stepwise_validity_auc
piezo5,DiffusionCF-exog,5.0,stepwise_validity_auc
piezo6,DiffusionCF-exog,5.0,stepwise_validity_auc
piezo7,DiffusionCF-exog,4.0,stepwise_validity_auc
piezo8,DiffusionCF-exog,5.0,stepwise_validity_auc
piezo9,DiffusionCF-exog,5.0,stepwise_validity_auc
ETTh1,NTD-CFE-exog,5.0,stepwise_validity_auc
ETTh2,NTD-CFE-exog,5.0,stepwise_validity_auc
Electricity,NTD-CFE-exog,4.0,stepwise_validity_auc
Weather,NTD-CFE-exog,3.0,stepwise_validity_auc
piezo1,NTD-CFE-exog,2.0,stepwise_validity_auc
piezo11,NTD-CFE-exog,3.0,stepwise_validity_auc
piezo12,NTD-CFE-exog,3.0,stepwise_validity_auc
piezo13,NTD-CFE-exog,5.0,stepwise_validity_auc
piezo14,NTD-CFE-exog,2.0,stepwise_validity_auc
piezo15,NTD-CFE-exog,4.0,stepwise_validity_auc
piezo16,NTD-CFE-exog,4.0,stepwise_validity_auc
piezo17,NTD-CFE-exog,4.0,stepwise_validity_auc
piezo18,NTD-CFE-exog,5.0,stepwise_validity_auc
piezo2,NTD-CFE-exog,4.0,stepwise_validity_auc
piezo3,NTD-CFE-exog,3.0,stepwise_validity_auc
piezo4,NTD-CFE-exog,2.0,stepwise_validity_auc
piezo5,NTD-CFE-exog,4.0,stepwise_validity_auc
piezo6,NTD-CFE-exog,3.0,stepwise_validity_auc
piezo7,NTD-CFE-exog,3.0,stepwise_validity_auc
piezo8,NTD-CFE-exog,3.0,stepwise_validity_auc
piezo9,NTD-CFE-exog,3.0,stepwise_validity_auc
ETTh1,GA-exog,2.0,stepwise_validity_auc
ETTh2,GA-exog,2.0,stepwise_validity_auc
Electricity,GA-exog,7.0,stepwise_validity_auc
Weather,GA-exog,6.0,stepwise_validity_auc
piezo1,GA-exog,1.0,stepwise_validity_auc
piezo11,GA-exog,4.0,stepwise_validity_auc
piezo12,GA-exog,5.0,stepwise_validity_auc
piezo13,GA-exog,3.0,stepwise_validity_auc
piezo14,GA-exog,1.0,stepwise_validity_auc
piezo15,GA-exog,3.0,stepwise_validity_auc
piezo16,GA-exog,1.0,stepwise_validity_auc
piezo17,GA-exog,3.0,stepwise_validity_auc
piezo18,GA-exog,3.0,stepwise_validity_auc
piezo2,GA-exog,5.0,stepwise_validity_auc
piezo3,GA-exog,4.0,stepwise_validity_auc
piezo4,GA-exog,1.0,stepwise_validity_auc
piezo5,GA-exog,3.0,stepwise_validity_auc
piezo6,GA-exog,4.0,stepwise_validity_auc
piezo7,GA-exog,5.0,stepwise_validity_auc
piezo8,GA-exog,4.0,stepwise_validity_auc
piezo9,GA-exog,4.0,stepwise_validity_auc
ETTh1,ForecastCF-target,1.0,consecutive_valid_steps
ETTh2,ForecastCF-target,4.0,consecutive_valid_steps
Electricity,ForecastCF-target,5.0,consecutive_valid_steps
Weather,ForecastCF-target,4.0,consecutive_valid_steps
piezo1,ForecastCF-target,7.0,consecutive_valid_steps
piezo11,ForecastCF-target,7.0,consecutive_valid_steps
piezo12,ForecastCF-target,7.0,consecutive_valid_steps
piezo13,ForecastCF-target,6.0,consecutive_valid_steps
piezo14,ForecastCF-target,7.0,consecutive_valid_steps
piezo15,ForecastCF-target,7.0,consecutive_valid_steps
piezo16,ForecastCF-target,5.0,consecutive_valid_steps
piezo17,ForecastCF-target,7.0,consecutive_valid_steps
piezo18,ForecastCF-target,7.0,consecutive_valid_steps
piezo2,ForecastCF-target,7.0,consecutive_valid_steps
piezo3,ForecastCF-target,7.0,consecutive_valid_steps
piezo4,ForecastCF-target,7.0,consecutive_valid_steps
piezo5,ForecastCF-target,7.0,consecutive_valid_steps
piezo6,ForecastCF-target,7.0,consecutive_valid_steps
piezo7,ForecastCF-target,7.0,consecutive_valid_steps
piezo8,ForecastCF-target,7.0,consecutive_valid_steps
piezo9,ForecastCF-target,7.0,consecutive_valid_steps
ETTh1,ForecastCF-exog,3.0,consecutive_valid_steps
ETTh2,ForecastCF-exog,1.0,consecutive_valid_steps
Electricity,ForecastCF-exog,1.0,consecutive_valid_steps
Weather,ForecastCF-exog,1.0,consecutive_valid_steps
piezo1,ForecastCF-exog,3.0,consecutive_valid_steps
piezo11,ForecastCF-exog,2.0,consecutive_valid_steps
piezo12,ForecastCF-exog,1.0,consecutive_valid_steps
piezo13,ForecastCF-exog,1.0,consecutive_valid_steps
piezo14,ForecastCF-exog,6.0,consecutive_valid_steps
piezo15,ForecastCF-exog,1.0,consecutive_valid_steps
piezo16,ForecastCF-exog,2.0,consecutive_valid_steps
piezo17,ForecastCF-exog,1.0,consecutive_valid_steps
piezo18,ForecastCF-exog,1.0,consecutive_valid_steps
piezo2,ForecastCF-exog,1.0,consecutive_valid_steps
piezo3,ForecastCF-exog,1.0,consecutive_valid_steps
piezo4,ForecastCF-exog,5.0,consecutive_valid_steps
piezo5,ForecastCF-exog,1.0,consecutive_valid_steps
piezo6,ForecastCF-exog,1.0,consecutive_valid_steps
piezo7,ForecastCF-exog,1.0,consecutive_valid_steps
piezo8,ForecastCF-exog,1.0,consecutive_valid_steps
piezo9,ForecastCF-exog,2.0,consecutive_valid_steps
ETTh1,COMET-exog,4.0,consecutive_valid_steps
ETTh2,COMET-exog,3.0,consecutive_valid_steps
Electricity,COMET-exog,2.0,consecutive_valid_steps
Weather,COMET-exog,2.0,consecutive_valid_steps
piezo1,COMET-exog,4.0,consecutive_valid_steps
piezo11,COMET-exog,1.0,consecutive_valid_steps
piezo12,COMET-exog,2.0,consecutive_valid_steps
piezo13,COMET-exog,2.0,consecutive_valid_steps
piezo14,COMET-exog,5.0,consecutive_valid_steps
piezo15,COMET-exog,2.0,consecutive_valid_steps
piezo16,COMET-exog,3.0,consecutive_valid_steps
piezo17,COMET-exog,2.0,consecutive_valid_steps
piezo18,COMET-exog,2.0,consecutive_valid_steps
piezo2,COMET-exog,2.0,consecutive_valid_steps
piezo3,COMET-exog,2.0,consecutive_valid_steps
piezo4,COMET-exog,3.0,consecutive_valid_steps
piezo5,COMET-exog,2.0,consecutive_valid_steps
piezo6,COMET-exog,2.0,consecutive_valid_steps
piezo7,COMET-exog,2.0,consecutive_valid_steps
piezo8,COMET-exog,2.0,consecutive_valid_steps
piezo9,COMET-exog,1.0,consecutive_valid_steps
ETTh1,DiffusionCF-target,7.0,consecutive_valid_steps
ETTh2,DiffusionCF-target,6.0,consecutive_valid_steps
Electricity,DiffusionCF-target,6.0,consecutive_valid_steps
Weather,DiffusionCF-target,7.0,consecutive_valid_steps
piezo1,DiffusionCF-target,6.0,consecutive_valid_steps
piezo11,DiffusionCF-target,5.5,consecutive_valid_steps
piezo12,DiffusionCF-target,4.0,consecutive_valid_steps
piezo13,DiffusionCF-target,4.0,consecutive_valid_steps
piezo14,DiffusionCF-target,3.0,consecutive_valid_steps
piezo15,DiffusionCF-target,6.0,consecutive_valid_steps
piezo16,DiffusionCF-target,6.0,consecutive_valid_steps
piezo17,DiffusionCF-target,5.0,consecutive_valid_steps
piezo18,DiffusionCF-target,4.0,consecutive_valid_steps
piezo2,DiffusionCF-target,3.0,consecutive_valid_steps
piezo3,DiffusionCF-target,5.0,consecutive_valid_steps
piezo4,DiffusionCF-target,6.0,consecutive_valid_steps
piezo5,DiffusionCF-target,6.0,consecutive_valid_steps
piezo6,DiffusionCF-target,6.0,consecutive_valid_steps
piezo7,DiffusionCF-target,6.0,consecutive_valid_steps
piezo8,DiffusionCF-target,6.0,consecutive_valid_steps
piezo9,DiffusionCF-target,6.0,consecutive_valid_steps
ETTh1,DiffusionCF-exog,6.0,consecutive_valid_steps
ETTh2,DiffusionCF-exog,7.0,consecutive_valid_steps
Electricity,DiffusionCF-exog,3.0,consecutive_valid_steps
Weather,DiffusionCF-exog,5.0,consecutive_valid_steps
piezo1,DiffusionCF-exog,5.0,consecutive_valid_steps
piezo11,DiffusionCF-exog,5.5,consecutive_valid_steps
piezo12,DiffusionCF-exog,6.0,consecutive_valid_steps
piezo13,DiffusionCF-exog,7.0,consecutive_valid_steps
piezo14,DiffusionCF-exog,4.0,consecutive_valid_steps
piezo15,DiffusionCF-exog,5.0,consecutive_valid_steps
piezo16,DiffusionCF-exog,7.0,consecutive_valid_steps
piezo17,DiffusionCF-exog,6.0,consecutive_valid_steps
piezo18,DiffusionCF-exog,6.0,consecutive_valid_steps
piezo2,DiffusionCF-exog,6.0,consecutive_valid_steps
piezo3,DiffusionCF-exog,6.0,consecutive_valid_steps
piezo4,DiffusionCF-exog,4.0,consecutive_valid_steps
piezo5,DiffusionCF-exog,5.0,consecutive_valid_steps
piezo6,DiffusionCF-exog,5.0,consecutive_valid_steps
piezo7,DiffusionCF-exog,4.0,consecutive_valid_steps
piezo8,DiffusionCF-exog,5.0,consecutive_valid_steps
piezo9,DiffusionCF-exog,5.0,consecutive_valid_steps
ETTh1,NTD-CFE-exog,5.0,consecutive_valid_steps
ETTh2,NTD-CFE-exog,5.0,consecutive_valid_steps
Electricity,NTD-CFE-exog,4.0,consecutive_valid_steps
Weather,NTD-CFE-exog,3.0,consecutive_valid_steps
piezo1,NTD-CFE-exog,2.0,consecutive_valid_steps
piezo11,NTD-CFE-exog,3.0,consecutive_valid_steps
piezo12,NTD-CFE-exog,3.0,consecutive_valid_steps
piezo13,NTD-CFE-exog,5.0,consecutive_valid_steps
piezo14,NTD-CFE-exog,2.0,consecutive_valid_steps
piezo15,NTD-CFE-exog,4.0,consecutive_valid_steps
piezo16,NTD-CFE-exog,4.0,consecutive_valid_steps
piezo17,NTD-CFE-exog,4.0,consecutive_valid_steps
piezo18,NTD-CFE-exog,5.0,consecutive_valid_steps
piezo2,NTD-CFE-exog,4.0,consecutive_valid_steps
piezo3,NTD-CFE-exog,3.0,consecutive_valid_steps
piezo4,NTD-CFE-exog,2.0,consecutive_valid_steps
piezo5,NTD-CFE-exog,4.0,consecutive_valid_steps
piezo6,NTD-CFE-exog,3.0,consecutive_valid_steps
piezo7,NTD-CFE-exog,3.0,consecutive_valid_steps
piezo8,NTD-CFE-exog,3.0,consecutive_valid_steps
piezo9,NTD-CFE-exog,3.0,consecutive_valid_steps
ETTh1,GA-exog,2.0,consecutive_valid_steps
ETTh2,GA-exog,2.0,consecutive_valid_steps
Electricity,GA-exog,7.0,consecutive_valid_steps
Weather,GA-exog,6.0,consecutive_valid_steps
piezo1,GA-exog,1.0,consecutive_valid_steps
piezo11,GA-exog,4.0,consecutive_valid_steps
piezo12,GA-exog,5.0,consecutive_valid_steps
piezo13,GA-exog,3.0,consecutive_valid_steps
piezo14,GA-exog,1.0,consecutive_valid_steps
piezo15,GA-exog,3.0,consecutive_valid_steps
piezo16,GA-exog,1.0,consecutive_valid_steps
piezo17,GA-exog,3.0,consecutive_valid_steps
piezo18,GA-exog,3.0,consecutive_valid_steps
piezo2,GA-exog,5.0,consecutive_valid_steps
piezo3,GA-exog,4.0,consecutive_valid_steps
piezo4,GA-exog,1.0,consecutive_valid_steps
piezo5,GA-exog,3.0,consecutive_valid_steps
piezo6,GA-exog,4.0,consecutive_valid_steps
piezo7,GA-exog,5.0,consecutive_valid_steps
piezo8,GA-exog,4.0,consecutive_valid_steps
piezo9,GA-exog,4.0,consecutive_valid_steps
ETTh1,ForecastCF-target,1.0,max_consecutive_valid_steps
ETTh2,ForecastCF-target,1.0,max_consecutive_valid_steps
Electricity,ForecastCF-target,5.0,max_consecutive_valid_steps
Weather,ForecastCF-target,4.0,max_consecutive_valid_steps
piezo1,ForecastCF-target,4.0,max_consecutive_valid_steps
piezo11,ForecastCF-target,1.0,max_consecutive_valid_steps
piezo12,ForecastCF-target,1.0,max_consecutive_valid_steps
piezo13,ForecastCF-target,1.0,max_consecutive_valid_steps
piezo14,ForecastCF-target,1.0,max_consecutive_valid_steps
piezo15,ForecastCF-target,1.0,max_consecutive_valid_steps
piezo16,ForecastCF-target,4.0,max_consecutive_valid_steps
piezo17,ForecastCF-target,1.0,max_consecutive_valid_steps
piezo18,ForecastCF-target,1.0,max_consecutive_valid_steps
piezo2,ForecastCF-target,1.0,max_consecutive_valid_steps
piezo3,ForecastCF-target,1.0,max_consecutive_valid_steps
piezo4,ForecastCF-target,1.0,max_consecutive_valid_steps
piezo5,ForecastCF-target,1.0,max_consecutive_valid_steps
piezo6,ForecastCF-target,1.0,max_consecutive_valid_steps
piezo7,ForecastCF-target,1.0,max_consecutive_valid_steps
piezo8,ForecastCF-target,3.0,max_consecutive_valid_steps
piezo9,ForecastCF-target,1.0,max_consecutive_valid_steps
ETTh1,ForecastCF-exog,3.0,max_consecutive_valid_steps
ETTh2,ForecastCF-exog,2.0,max_consecutive_valid_steps
Electricity,ForecastCF-exog,1.0,max_consecutive_valid_steps
Weather,ForecastCF-exog,1.0,max_consecutive_valid_steps
piezo1,ForecastCF-exog,2.0,max_consecutive_valid_steps
piezo11,ForecastCF-exog,2.0,max_consecutive_valid_steps
piezo12,ForecastCF-exog,2.0,max_consecutive_valid_steps
piezo13,ForecastCF-exog,2.0,max_consecutive_valid_steps
piezo14,ForecastCF-exog,2.0,max_consecutive_valid_steps
piezo15,ForecastCF-exog,2.0,max_consecutive_valid_steps
piezo16,ForecastCF-exog,2.0,max_consecutive_valid_steps
piezo17,ForecastCF-exog,2.0,max_consecutive_valid_steps
piezo18,ForecastCF-exog,2.0,max_consecutive_valid_steps
piezo2,ForecastCF-exog,3.0,max_consecutive_valid_steps
piezo3,ForecastCF-exog,2.0,max_consecutive_valid_steps
piezo4,ForecastCF-exog,2.0,max_consecutive_valid_steps
piezo5,ForecastCF-exog,2.0,max_consecutive_valid_steps
piezo6,ForecastCF-exog,2.0,max_consecutive_valid_steps
piezo7,ForecastCF-exog,2.0,max_consecutive_valid_steps
piezo8,ForecastCF-exog,1.0,max_consecutive_valid_steps
piezo9,ForecastCF-exog,2.0,max_consecutive_valid_steps
ETTh1,COMET-exog,4.0,max_consecutive_valid_steps
ETTh2,COMET-exog,3.0,max_consecutive_valid_steps
Electricity,COMET-exog,2.0,max_consecutive_valid_steps
Weather,COMET-exog,2.0,max_consecutive_valid_steps
piezo1,COMET-exog,3.0,max_consecutive_valid_steps
piezo11,COMET-exog,3.0,max_consecutive_valid_steps
piezo12,COMET-exog,4.0,max_consecutive_valid_steps
piezo13,COMET-exog,3.0,max_consecutive_valid_steps
piezo14,COMET-exog,3.0,max_consecutive_valid_steps
piezo15,COMET-exog,3.0,max_consecutive_valid_steps
piezo16,COMET-exog,3.0,max_consecutive_valid_steps
piezo17,COMET-exog,3.0,max_consecutive_valid_steps
piezo18,COMET-exog,3.0,max_consecutive_valid_steps
piezo2,COMET-exog,4.0,max_consecutive_valid_steps
piezo3,COMET-exog,3.0,max_consecutive_valid_steps
piezo4,COMET-exog,3.0,max_consecutive_valid_steps
piezo5,COMET-exog,3.0,max_consecutive_valid_steps
piezo6,COMET-exog,3.0,max_consecutive_valid_steps
piezo7,COMET-exog,3.0,max_consecutive_valid_steps
piezo8,COMET-exog,2.0,max_consecutive_valid_steps
piezo9,COMET-exog,3.0,max_consecutive_valid_steps
ETTh1,DiffusionCF-target,7.0,max_consecutive_valid_steps
ETTh2,DiffusionCF-target,6.0,max_consecutive_valid_steps
Electricity,DiffusionCF-target,6.0,max_consecutive_valid_steps
Weather,DiffusionCF-target,7.0,max_consecutive_valid_steps
piezo1,DiffusionCF-target,7.0,max_consecutive_valid_steps
piezo11,DiffusionCF-target,4.0,max_consecutive_valid_steps
piezo12,DiffusionCF-target,3.0,max_consecutive_valid_steps
piezo13,DiffusionCF-target,4.0,max_consecutive_valid_steps
piezo14,DiffusionCF-target,6.0,max_consecutive_valid_steps
piezo15,DiffusionCF-target,6.0,max_consecutive_valid_steps
piezo16,DiffusionCF-target,6.0,max_consecutive_valid_steps
piezo17,DiffusionCF-target,6.0,max_consecutive_valid_steps
piezo18,DiffusionCF-target,4.0,max_consecutive_valid_steps
piezo2,DiffusionCF-target,2.0,max_consecutive_valid_steps
piezo3,DiffusionCF-target,6.0,max_consecutive_valid_steps
piezo4,DiffusionCF-target,6.0,max_consecutive_valid_steps
piezo5,DiffusionCF-target,6.0,max_consecutive_valid_steps
piezo6,DiffusionCF-target,6.5,max_consecutive_valid_steps
piezo7,DiffusionCF-target,4.0,max_consecutive_valid_steps
piezo8,DiffusionCF-target,7.0,max_consecutive_valid_steps
piezo9,DiffusionCF-target,4.0,max_consecutive_valid_steps
ETTh1,DiffusionCF-exog,6.0,max_consecutive_valid_steps
ETTh2,DiffusionCF-exog,7.0,max_consecutive_valid_steps
Electricity,DiffusionCF-exog,3.0,max_consecutive_valid_steps
Weather,DiffusionCF-exog,6.0,max_consecutive_valid_steps
piezo1,DiffusionCF-exog,6.0,max_consecutive_valid_steps
piezo11,DiffusionCF-exog,7.0,max_consecutive_valid_steps
piezo12,DiffusionCF-exog,7.0,max_consecutive_valid_steps
piezo13,DiffusionCF-exog,7.0,max_consecutive_valid_steps
piezo14,DiffusionCF-exog,7.0,max_consecutive_valid_steps
piezo15,DiffusionCF-exog,7.0,max_consecutive_valid_steps
piezo16,DiffusionCF-exog,7.0,max_consecutive_valid_steps
piezo17,DiffusionCF-exog,7.0,max_consecutive_valid_steps
piezo18,DiffusionCF-exog,7.0,max_consecutive_valid_steps
piezo2,DiffusionCF-exog,7.0,max_consecutive_valid_steps
piezo3,DiffusionCF-exog,7.0,max_consecutive_valid_steps
piezo4,DiffusionCF-exog,7.0,max_consecutive_valid_steps
piezo5,DiffusionCF-exog,7.0,max_consecutive_valid_steps
piezo6,DiffusionCF-exog,6.5,max_consecutive_valid_steps
piezo7,DiffusionCF-exog,6.0,max_consecutive_valid_steps
piezo8,DiffusionCF-exog,6.0,max_consecutive_valid_steps
piezo9,DiffusionCF-exog,7.0,max_consecutive_valid_steps
ETTh1,NTD-CFE-exog,5.0,max_consecutive_valid_steps
ETTh2,NTD-CFE-exog,5.0,max_consecutive_valid_steps
Electricity,NTD-CFE-exog,4.0,max_consecutive_valid_steps
Weather,NTD-CFE-exog,3.0,max_consecutive_valid_steps
piezo1,NTD-CFE-exog,5.0,max_consecutive_valid_steps
piezo11,NTD-CFE-exog,5.0,max_consecutive_valid_steps
piezo12,NTD-CFE-exog,5.0,max_consecutive_valid_steps
piezo13,NTD-CFE-exog,6.0,max_consecutive_valid_steps
piezo14,NTD-CFE-exog,5.0,max_consecutive_valid_steps
piezo15,NTD-CFE-exog,5.0,max_consecutive_valid_steps
piezo16,NTD-CFE-exog,5.0,max_consecutive_valid_steps
piezo17,NTD-CFE-exog,5.0,max_consecutive_valid_steps
piezo18,NTD-CFE-exog,6.0,max_consecutive_valid_steps
piezo2,NTD-CFE-exog,5.0,max_consecutive_valid_steps
piezo3,NTD-CFE-exog,4.0,max_consecutive_valid_steps
piezo4,NTD-CFE-exog,5.0,max_consecutive_valid_steps
piezo5,NTD-CFE-exog,5.0,max_consecutive_valid_steps
piezo6,NTD-CFE-exog,4.0,max_consecutive_valid_steps
piezo7,NTD-CFE-exog,5.0,max_consecutive_valid_steps
piezo8,NTD-CFE-exog,4.0,max_consecutive_valid_steps
piezo9,NTD-CFE-exog,5.0,max_consecutive_valid_steps
ETTh1,GA-exog,2.0,max_consecutive_valid_steps
ETTh2,GA-exog,4.0,max_consecutive_valid_steps
Electricity,GA-exog,7.0,max_consecutive_valid_steps
Weather,GA-exog,5.0,max_consecutive_valid_steps
piezo1,GA-exog,1.0,max_consecutive_valid_steps
piezo11,GA-exog,6.0,max_consecutive_valid_steps
piezo12,GA-exog,6.0,max_consecutive_valid_steps
piezo13,GA-exog,5.0,max_consecutive_valid_steps
piezo14,GA-exog,4.0,max_consecutive_valid_steps
piezo15,GA-exog,4.0,max_consecutive_valid_steps
piezo16,GA-exog,1.0,max_consecutive_valid_steps
piezo17,GA-exog,4.0,max_consecutive_valid_steps
piezo18,GA-exog,5.0,max_consecutive_valid_steps
piezo2,GA-exog,6.0,max_consecutive_valid_steps
piezo3,GA-exog,5.0,max_consecutive_valid_steps
piezo4,GA-exog,4.0,max_consecutive_valid_steps
piezo5,GA-exog,4.0,max_consecutive_valid_steps
piezo6,GA-exog,5.0,max_consecutive_valid_steps
piezo7,GA-exog,7.0,max_consecutive_valid_steps
piezo8,GA-exog,5.0,max_consecutive_valid_steps
piezo9,GA-exog,6.0,max_consecutive_valid_steps
ETTh1,ForecastCF-target,1.0,distance_to_band
ETTh2,ForecastCF-target,1.0,distance_to_band
Electricity,ForecastCF-target,4.0,distance_to_band
Weather,ForecastCF-target,4.0,distance_to_band
piezo1,ForecastCF-target,3.0,distance_to_band
piezo11,ForecastCF-target,1.0,distance_to_band
piezo12,ForecastCF-target,1.0,distance_to_band
piezo13,ForecastCF-target,1.0,distance_to_band
piezo14,ForecastCF-target,1.0,distance_to_band
piezo15,ForecastCF-target,1.0,distance_to_band
piezo16,ForecastCF-target,2.0,distance_to_band
piezo17,ForecastCF-target,1.0,distance_to_band
piezo18,ForecastCF-target,1.0,distance_to_band
piezo2,ForecastCF-target,1.0,distance_to_band
piezo3,ForecastCF-target,1.0,distance_to_band
piezo4,ForecastCF-target,1.0,distance_to_band
piezo5,ForecastCF-target,1.0,distance_to_band
piezo6,ForecastCF-target,1.0,distance_to_band
piezo7,ForecastCF-target,1.0,distance_to_band
piezo8,ForecastCF-target,3.0,distance_to_band
piezo9,ForecastCF-target,1.0,distance_to_band
ETTh1,ForecastCF-exog,2.0,distance_to_band
ETTh2,ForecastCF-exog,2.0,distance_to_band
Electricity,ForecastCF-exog,1.0,distance_to_band
Weather,ForecastCF-exog,1.0,distance_to_band
piezo1,ForecastCF-exog,1.0,distance_to_band
piezo11,ForecastCF-exog,3.0,distance_to_band
piezo12,ForecastCF-exog,2.0,distance_to_band
piezo13,ForecastCF-exog,2.0,distance_to_band
piezo14,ForecastCF-exog,2.0,distance_to_band
piezo15,ForecastCF-exog,2.0,distance_to_band
piezo16,ForecastCF-exog,3.0,distance_to_band
piezo17,ForecastCF-exog,2.0,distance_to_band
piezo18,ForecastCF-exog,2.0,distance_to_band
piezo2,ForecastCF-exog,3.0,distance_to_band
piezo3,ForecastCF-exog,2.0,distance_to_band
piezo4,ForecastCF-exog,2.0,distance_to_band
piezo5,ForecastCF-exog,2.0,distance_to_band
piezo6,ForecastCF-exog,2.0,distance_to_band
piezo7,ForecastCF-exog,2.0,distance_to_band
piezo8,ForecastCF-exog,1.0,distance_to_band
piezo9,ForecastCF-exog,3.0,distance_to_band
ETTh1,COMET-exog,3.0,distance_to_band
ETTh2,COMET-exog,3.0,distance_to_band
Electricity,COMET-exog,2.0,distance_to_band
Weather,COMET-exog,2.0,distance_to_band
piezo1,COMET-exog,2.0,distance_to_band
piezo11,COMET-exog,4.0,distance_to_band
piezo12,COMET-exog,4.0,distance_to_band
piezo13,COMET-exog,3.0,distance_to_band
piezo14,COMET-exog,3.0,distance_to_band
piezo15,COMET-exog,3.0,distance_to_band
piezo16,COMET-exog,4.0,distance_to_band
piezo17,COMET-exog,3.0,distance_to_band
piezo18,COMET-exog,3.0,distance_to_band
piezo2,COMET-exog,4.0,distance_to_band
piezo3,COMET-exog,3.0,distance_to_band
piezo4,COMET-exog,3.0,distance_to_band
piezo5,COMET-exog,3.0,distance_to_band
piezo6,COMET-exog,3.0,distance_to_band
piezo7,COMET-exog,3.0,distance_to_band
piezo8,COMET-exog,2.0,distance_to_band
piezo9,COMET-exog,4.0,distance_to_band
ETTh1,DiffusionCF-target,7.0,distance_to_band
ETTh2,DiffusionCF-target,5.0,distance_to_band
Electricity,DiffusionCF-target,6.0,distance_to_band
Weather,DiffusionCF-target,7.0,distance_to_band
piezo1,DiffusionCF-target,7.0,distance_to_band
piezo11,DiffusionCF-target,2.0,distance_to_band
piezo12,DiffusionCF-target,3.0,distance_to_band
piezo13,DiffusionCF-target,4.0,distance_to_band
piezo14,DiffusionCF-target,5.0,distance_to_band
piezo15,DiffusionCF-target,6.0,distance_to_band
piezo16,DiffusionCF-target,6.0,distance_to_band
piezo17,DiffusionCF-target,4.0,distance_to_band
piezo18,DiffusionCF-target,4.0,distance_to_band
piezo2,DiffusionCF-target,2.0,distance_to_band
piezo3,DiffusionCF-target,6.0,distance_to_band
piezo4,DiffusionCF-target,4.0,distance_to_band
piezo5,DiffusionCF-target,7.0,distance_to_band
piezo6,DiffusionCF-target,4.0,distance_to_band
piezo7,DiffusionCF-target,4.0,distance_to_band
piezo8,DiffusionCF-target,7.0,distance_to_band
piezo9,DiffusionCF-target,2.0,distance_to_band
ETTh1,DiffusionCF-exog,6.0,distance_to_band
ETTh2,DiffusionCF-exog,7.0,distance_to_band
Electricity,DiffusionCF-exog,3.0,distance_to_band
Weather,DiffusionCF-exog,5.0,distance_to_band
piezo1,DiffusionCF-exog,6.0,distance_to_band
piezo11,DiffusionCF-exog,6.0,distance_to_band
piezo12,DiffusionCF-exog,6.0,distance_to_band
piezo13,DiffusionCF-exog,7.0,distance_to_band
piezo14,DiffusionCF-exog,6.0,distance_to_band
piezo15,DiffusionCF-exog,5.0,distance_to_band
piezo16,DiffusionCF-exog,7.0,distance_to_band
piezo17,DiffusionCF-exog,6.0,distance_to_band
piezo18,DiffusionCF-exog,7.0,distance_to_band
piezo2,DiffusionCF-exog,6.0,distance_to_band
piezo3,DiffusionCF-exog,7.0,distance_to_band
piezo4,DiffusionCF-exog,7.0,distance_to_band
piezo5,DiffusionCF-exog,6.0,distance_to_band
piezo6,DiffusionCF-exog,7.0,distance_to_band
piezo7,DiffusionCF-exog,5.0,distance_to_band
piezo8,DiffusionCF-exog,6.0,distance_to_band
piezo9,DiffusionCF-exog,6.0,distance_to_band
ETTh1,NTD-CFE-exog,5.0,distance_to_band
ETTh2,NTD-CFE-exog,6.0,distance_to_band
Electricity,NTD-CFE-exog,5.0,distance_to_band
Weather,NTD-CFE-exog,3.0,distance_to_band
piezo1,NTD-CFE-exog,5.0,distance_to_band
piezo11,NTD-CFE-exog,7.0,distance_to_band
piezo12,NTD-CFE-exog,7.0,distance_to_band
piezo13,NTD-CFE-exog,6.0,distance_to_band
piezo14,NTD-CFE-exog,7.0,distance_to_band
piezo15,NTD-CFE-exog,7.0,distance_to_band
piezo16,NTD-CFE-exog,5.0,distance_to_band
piezo17,NTD-CFE-exog,7.0,distance_to_band
piezo18,NTD-CFE-exog,6.0,distance_to_band
piezo2,NTD-CFE-exog,7.0,distance_to_band
piezo3,NTD-CFE-exog,4.0,distance_to_band
piezo4,NTD-CFE-exog,6.0,distance_to_band
piezo5,NTD-CFE-exog,5.0,distance_to_band
piezo6,NTD-CFE-exog,5.0,distance_to_band
piezo7,NTD-CFE-exog,7.0,distance_to_band
piezo8,NTD-CFE-exog,5.0,distance_to_band
piezo9,NTD-CFE-exog,7.0,distance_to_band
ETTh1,GA-exog,4.0,distance_to_band
ETTh2,GA-exog,4.0,distance_to_band
Electricity,GA-exog,7.0,distance_to_band
Weather,GA-exog,6.0,distance_to_band
piezo1,GA-exog,4.0,distance_to_band
piezo11,GA-exog,5.0,distance_to_band
piezo12,GA-exog,5.0,distance_to_band
piezo13,GA-exog,5.0,distance_to_band
piezo14,GA-exog,4.0,distance_to_band
piezo15,GA-exog,4.0,distance_to_band
piezo16,GA-exog,1.0,distance_to_band
piezo17,GA-exog,5.0,distance_to_band
piezo18,GA-exog,5.0,distance_to_band
piezo2,GA-exog,5.0,distance_to_band
piezo3,GA-exog,5.0,distance_to_band
piezo4,GA-exog,5.0,distance_to_band
piezo5,GA-exog,4.0,distance_to_band
piezo6,GA-exog,6.0,distance_to_band
piezo7,GA-exog,6.0,distance_to_band
piezo8,GA-exog,4.0,distance_to_band
piezo9,GA-exog,5.0,distance_to_band
ETTh1,ForecastCF-target,2.0,proximity_l2_scaled
ETTh2,ForecastCF-target,1.0,proximity_l2_scaled
Electricity,ForecastCF-target,2.0,proximity_l2_scaled
Weather,ForecastCF-target,3.0,proximity_l2_scaled
piezo1,ForecastCF-target,2.0,proximity_l2_scaled
piezo11,ForecastCF-target,4.0,proximity_l2_scaled
piezo12,ForecastCF-target,3.0,proximity_l2_scaled
piezo13,ForecastCF-target,2.0,proximity_l2_scaled
piezo14,ForecastCF-target,3.0,proximity_l2_scaled
piezo15,ForecastCF-target,4.0,proximity_l2_scaled
piezo16,ForecastCF-target,1.0,proximity_l2_scaled
piezo17,ForecastCF-target,3.0,proximity_l2_scaled
piezo18,ForecastCF-target,3.0,proximity_l2_scaled
piezo2,ForecastCF-target,3.0,proximity_l2_scaled
piezo3,ForecastCF-target,1.0,proximity_l2_scaled
piezo4,ForecastCF-target,3.0,proximity_l2_scaled
piezo5,ForecastCF-target,2.0,proximity_l2_scaled
piezo6,ForecastCF-target,3.0,proximity_l2_scaled
piezo7,ForecastCF-target,3.0,proximity_l2_scaled
piezo8,ForecastCF-target,1.0,proximity_l2_scaled
piezo9,ForecastCF-target,3.0,proximity_l2_scaled
ETTh1,ForecastCF-exog,4.0,proximity_l2_scaled
ETTh2,ForecastCF-exog,6.0,proximity_l2_scaled
Electricity,ForecastCF-exog,5.0,proximity_l2_scaled
Weather,ForecastCF-exog,1.0,proximity_l2_scaled
piezo1,ForecastCF-exog,6.0,proximity_l2_scaled
piezo11,ForecastCF-exog,7.0,proximity_l2_scaled
piezo12,ForecastCF-exog,7.0,proximity_l2_scaled
piezo13,ForecastCF-exog,7.0,proximity_l2_scaled
piezo14,ForecastCF-exog,7.0,proximity_l2_scaled
piezo15,ForecastCF-exog,7.0,proximity_l2_scaled
piezo16,ForecastCF-exog,3.0,proximity_l2_scaled
piezo17,ForecastCF-exog,7.0,proximity_l2_scaled
piezo18,ForecastCF-exog,7.0,proximity_l2_scaled
piezo2,ForecastCF-exog,7.0,proximity_l2_scaled
piezo3,ForecastCF-exog,6.0,proximity_l2_scaled
piezo4,ForecastCF-exog,7.0,proximity_l2_scaled
piezo5,ForecastCF-exog,5.0,proximity_l2_scaled
piezo6,ForecastCF-exog,7.0,proximity_l2_scaled
piezo7,ForecastCF-exog,7.0,proximity_l2_scaled
piezo8,ForecastCF-exog,6.0,proximity_l2_scaled
piezo9,ForecastCF-exog,7.0,proximity_l2_scaled
ETTh1,COMET-exog,3.0,proximity_l2_scaled
ETTh2,COMET-exog,4.0,proximity_l2_scaled
Electricity,COMET-exog,6.0,proximity_l2_scaled
Weather,COMET-exog,4.0,proximity_l2_scaled
piezo1,COMET-exog,5.0,proximity_l2_scaled
piezo11,COMET-exog,5.0,proximity_l2_scaled
piezo12,COMET-exog,5.0,proximity_l2_scaled
piezo13,COMET-exog,3.0,proximity_l2_scaled
piezo14,COMET-exog,6.0,proximity_l2_scaled
piezo15,COMET-exog,5.0,proximity_l2_scaled
piezo16,COMET-exog,2.0,proximity_l2_scaled
piezo17,COMET-exog,5.0,proximity_l2_scaled
piezo18,COMET-exog,6.0,proximity_l2_scaled
piezo2,COMET-exog,5.0,proximity_l2_scaled
piezo3,COMET-exog,2.0,proximity_l2_scaled
piezo4,COMET-exog,4.0,proximity_l2_scaled
piezo5,COMET-exog,3.0,proximity_l2_scaled
piezo6,COMET-exog,5.0,proximity_l2_scaled
piezo7,COMET-exog,6.0,proximity_l2_scaled
piezo8,COMET-exog,2.0,proximity_l2_scaled
piezo9,COMET-exog,6.0,proximity_l2_scaled
ETTh1,DiffusionCF-target,1.0,proximity_l2_scaled
ETTh2,DiffusionCF-target,2.0,proximity_l2_scaled
Electricity,DiffusionCF-target,1.0,proximity_l2_scaled
Weather,DiffusionCF-target,6.0,proximity_l2_scaled
piezo1,DiffusionCF-target,1.0,proximity_l2_scaled
piezo11,DiffusionCF-target,2.0,proximity_l2_scaled
piezo12,DiffusionCF-target,2.0,proximity_l2_scaled
piezo13,DiffusionCF-target,5.0,proximity_l2_scaled
piezo14,DiffusionCF-target,5.0,proximity_l2_scaled
piezo15,DiffusionCF-target,3.0,proximity_l2_scaled
piezo16,DiffusionCF-target,6.0,proximity_l2_scaled
piezo17,DiffusionCF-target,6.0,proximity_l2_scaled
piezo18,DiffusionCF-target,5.0,proximity_l2_scaled
piezo2,DiffusionCF-target,2.0,proximity_l2_scaled
piezo3,DiffusionCF-target,4.0,proximity_l2_scaled
piezo4,DiffusionCF-target,1.0,proximity_l2_scaled
piezo5,DiffusionCF-target,1.0,proximity_l2_scaled
piezo6,DiffusionCF-target,1.0,proximity_l2_scaled
piezo7,DiffusionCF-target,2.0,proximity_l2_scaled
piezo8,DiffusionCF-target,5.0,proximity_l2_scaled
piezo9,DiffusionCF-target,2.0,proximity_l2_scaled
ETTh1,DiffusionCF-exog,7.0,proximity_l2_scaled
ETTh2,DiffusionCF-exog,7.0,proximity_l2_scaled
Electricity,DiffusionCF-exog,7.0,proximity_l2_scaled
Weather,DiffusionCF-exog,7.0,proximity_l2_scaled
piezo1,DiffusionCF-exog,7.0,proximity_l2_scaled
piezo11,DiffusionCF-exog,6.0,proximity_l2_scaled
piezo12,DiffusionCF-exog,6.0,proximity_l2_scaled
piezo13,DiffusionCF-exog,6.0,proximity_l2_scaled
piezo14,DiffusionCF-exog,4.0,proximity_l2_scaled
piezo15,DiffusionCF-exog,6.0,proximity_l2_scaled
piezo16,DiffusionCF-exog,7.0,proximity_l2_scaled
piezo17,DiffusionCF-exog,4.0,proximity_l2_scaled
piezo18,DiffusionCF-exog,4.0,proximity_l2_scaled
piezo2,DiffusionCF-exog,6.0,proximity_l2_scaled
piezo3,DiffusionCF-exog,7.0,proximity_l2_scaled
piezo4,DiffusionCF-exog,6.0,proximity_l2_scaled
piezo5,DiffusionCF-exog,7.0,proximity_l2_scaled
piezo6,DiffusionCF-exog,6.0,proximity_l2_scaled
piezo7,DiffusionCF-exog,5.0,proximity_l2_scaled
piezo8,DiffusionCF-exog,7.0,proximity_l2_scaled
piezo9,DiffusionCF-exog,5.0,proximity_l2_scaled
ETTh1,NTD-CFE-exog,5.0,proximity_l2_scaled
ETTh2,NTD-CFE-exog,5.0,proximity_l2_scaled
Electricity,NTD-CFE-exog,4.0,proximity_l2_scaled
Weather,NTD-CFE-exog,2.0,proximity_l2_scaled
piezo1,NTD-CFE-exog,3.0,proximity_l2_scaled
piezo11,NTD-CFE-exog,1.0,proximity_l2_scaled
piezo12,NTD-CFE-exog,1.0,proximity_l2_scaled
piezo13,NTD-CFE-exog,1.0,proximity_l2_scaled
piezo14,NTD-CFE-exog,1.0,proximity_l2_scaled
piezo15,NTD-CFE-exog,1.0,proximity_l2_scaled
piezo16,NTD-CFE-exog,4.0,proximity_l2_scaled
piezo17,NTD-CFE-exog,1.0,proximity_l2_scaled
piezo18,NTD-CFE-exog,1.0,proximity_l2_scaled
piezo2,NTD-CFE-exog,1.0,proximity_l2_scaled
piezo3,NTD-CFE-exog,3.0,proximity_l2_scaled
piezo4,NTD-CFE-exog,2.0,proximity_l2_scaled
piezo5,NTD-CFE-exog,4.0,proximity_l2_scaled
piezo6,NTD-CFE-exog,2.0,proximity_l2_scaled
piezo7,NTD-CFE-exog,1.0,proximity_l2_scaled
piezo8,NTD-CFE-exog,4.0,proximity_l2_scaled
piezo9,NTD-CFE-exog,1.0,proximity_l2_scaled
ETTh1,GA-exog,6.0,proximity_l2_scaled
ETTh2,GA-exog,3.0,proximity_l2_scaled
Electricity,GA-exog,3.0,proximity_l2_scaled
Weather,GA-exog,5.0,proximity_l2_scaled
piezo1,GA-exog,4.0,proximity_l2_scaled
piezo11,GA-exog,3.0,proximity_l2_scaled
piezo12,GA-exog,4.0,proximity_l2_scaled
piezo13,GA-exog,4.0,proximity_l2_scaled
piezo14,GA-exog,2.0,proximity_l2_scaled
piezo15,GA-exog,2.0,proximity_l2_scaled
piezo16,GA-exog,5.0,proximity_l2_scaled
piezo17,GA-exog,2.0,proximity_l2_scaled
piezo18,GA-exog,2.0,proximity_l2_scaled
piezo2,GA-exog,4.0,proximity_l2_scaled
piezo3,GA-exog,5.0,proximity_l2_scaled
piezo4,GA-exog,5.0,proximity_l2_scaled
piezo5,GA-exog,6.0,proximity_l2_scaled
piezo6,GA-exog,4.0,proximity_l2_scaled
piezo7,GA-exog,4.0,proximity_l2_scaled
piezo8,GA-exog,3.0,proximity_l2_scaled
piezo9,GA-exog,4.0,proximity_l2_scaled
ETTh1,ForecastCF-target,2.0,proximity_l1_scaled
ETTh2,ForecastCF-target,2.0,proximity_l1_scaled
Electricity,ForecastCF-target,3.0,proximity_l1_scaled
Weather,ForecastCF-target,4.0,proximity_l1_scaled
piezo1,ForecastCF-target,4.0,proximity_l1_scaled
piezo11,ForecastCF-target,5.0,proximity_l1_scaled
piezo12,ForecastCF-target,4.0,proximity_l1_scaled
piezo13,ForecastCF-target,4.0,proximity_l1_scaled
piezo14,ForecastCF-target,5.0,proximity_l1_scaled
piezo15,ForecastCF-target,5.0,proximity_l1_scaled
piezo16,ForecastCF-target,1.0,proximity_l1_scaled
piezo17,ForecastCF-target,5.0,proximity_l1_scaled
piezo18,ForecastCF-target,5.0,proximity_l1_scaled
piezo2,ForecastCF-target,5.0,proximity_l1_scaled
piezo3,ForecastCF-target,2.0,proximity_l1_scaled
piezo4,ForecastCF-target,6.0,proximity_l1_scaled
piezo5,ForecastCF-target,2.0,proximity_l1_scaled
piezo6,ForecastCF-target,4.0,proximity_l1_scaled
piezo7,ForecastCF-target,4.0,proximity_l1_scaled
piezo8,ForecastCF-target,4.0,proximity_l1_scaled
piezo9,ForecastCF-target,5.0,proximity_l1_scaled
ETTh1,ForecastCF-exog,5.0,proximity_l1_scaled
ETTh2,ForecastCF-exog,7.0,proximity_l1_scaled
Electricity,ForecastCF-exog,5.0,proximity_l1_scaled
Weather,ForecastCF-exog,5.0,proximity_l1_scaled
piezo1,ForecastCF-exog,7.0,proximity_l1_scaled
piezo11,ForecastCF-exog,7.0,proximity_l1_scaled
piezo12,ForecastCF-exog,7.0,proximity_l1_scaled
piezo13,ForecastCF-exog,7.0,proximity_l1_scaled
piezo14,ForecastCF-exog,7.0,proximity_l1_scaled
piezo15,ForecastCF-exog,7.0,proximity_l1_scaled
piezo16,ForecastCF-exog,5.0,proximity_l1_scaled
piezo17,ForecastCF-exog,7.0,proximity_l1_scaled
piezo18,ForecastCF-exog,7.0,proximity_l1_scaled
piezo2,ForecastCF-exog,7.0,proximity_l1_scaled
piezo3,ForecastCF-exog,7.0,proximity_l1_scaled
piezo4,ForecastCF-exog,7.0,proximity_l1_scaled
piezo5,ForecastCF-exog,7.0,proximity_l1_scaled
piezo6,ForecastCF-exog,7.0,proximity_l1_scaled
piezo7,ForecastCF-exog,7.0,proximity_l1_scaled
piezo8,ForecastCF-exog,7.0,proximity_l1_scaled
piezo9,ForecastCF-exog,7.0,proximity_l1_scaled
ETTh1,COMET-exog,4.0,proximity_l1_scaled
ETTh2,COMET-exog,6.0,proximity_l1_scaled
Electricity,COMET-exog,6.0,proximity_l1_scaled
Weather,COMET-exog,6.0,proximity_l1_scaled
piezo1,COMET-exog,6.0,proximity_l1_scaled
piezo11,COMET-exog,6.0,proximity_l1_scaled
piezo12,COMET-exog,6.0,proximity_l1_scaled
piezo13,COMET-exog,6.0,proximity_l1_scaled
piezo14,COMET-exog,6.0,proximity_l1_scaled
piezo15,COMET-exog,6.0,proximity_l1_scaled
piezo16,COMET-exog,2.0,proximity_l1_scaled
piezo17,COMET-exog,6.0,proximity_l1_scaled
piezo18,COMET-exog,6.0,proximity_l1_scaled
piezo2,COMET-exog,6.0,proximity_l1_scaled
piezo3,COMET-exog,4.0,proximity_l1_scaled
piezo4,COMET-exog,4.0,proximity_l1_scaled
piezo5,COMET-exog,4.0,proximity_l1_scaled
piezo6,COMET-exog,6.0,proximity_l1_scaled
piezo7,COMET-exog,6.0,proximity_l1_scaled
piezo8,COMET-exog,6.0,proximity_l1_scaled
piezo9,COMET-exog,6.0,proximity_l1_scaled
ETTh1,DiffusionCF-target,1.0,proximity_l1_scaled
ETTh2,DiffusionCF-target,1.0,proximity_l1_scaled
Electricity,DiffusionCF-target,1.0,proximity_l1_scaled
Weather,DiffusionCF-target,2.0,proximity_l1_scaled
piezo1,DiffusionCF-target,1.0,proximity_l1_scaled
piezo11,DiffusionCF-target,2.0,proximity_l1_scaled
piezo12,DiffusionCF-target,2.0,proximity_l1_scaled
piezo13,DiffusionCF-target,2.0,proximity_l1_scaled
piezo14,DiffusionCF-target,4.0,proximity_l1_scaled
piezo15,DiffusionCF-target,3.0,proximity_l1_scaled
piezo16,DiffusionCF-target,6.0,proximity_l1_scaled
piezo17,DiffusionCF-target,4.0,proximity_l1_scaled
piezo18,DiffusionCF-target,3.0,proximity_l1_scaled
piezo2,DiffusionCF-target,3.0,proximity_l1_scaled
piezo3,DiffusionCF-target,1.0,proximity_l1_scaled
piezo4,DiffusionCF-target,1.0,proximity_l1_scaled
piezo5,DiffusionCF-target,1.0,proximity_l1_scaled
piezo6,DiffusionCF-target,1.0,proximity_l1_scaled
piezo7,DiffusionCF-target,1.0,proximity_l1_scaled
piezo8,DiffusionCF-target,1.0,proximity_l1_scaled
piezo9,DiffusionCF-target,2.0,proximity_l1_scaled
ETTh1,DiffusionCF-exog,7.0,proximity_l1_scaled
ETTh2,DiffusionCF-exog,5.0,proximity_l1_scaled
Electricity,DiffusionCF-exog,7.0,proximity_l1_scaled
Weather,DiffusionCF-exog,7.0,proximity_l1_scaled
piezo1,DiffusionCF-exog,3.0,proximity_l1_scaled
piezo11,DiffusionCF-exog,4.0,proximity_l1_scaled
piezo12,DiffusionCF-exog,5.0,proximity_l1_scaled
piezo13,DiffusionCF-exog,5.0,proximity_l1_scaled
piezo14,DiffusionCF-exog,3.0,proximity_l1_scaled
piezo15,DiffusionCF-exog,4.0,proximity_l1_scaled
piezo16,DiffusionCF-exog,7.0,proximity_l1_scaled
piezo17,DiffusionCF-exog,3.0,proximity_l1_scaled
piezo18,DiffusionCF-exog,4.0,proximity_l1_scaled
piezo2,DiffusionCF-exog,4.0,proximity_l1_scaled
piezo3,DiffusionCF-exog,6.0,proximity_l1_scaled
piezo4,DiffusionCF-exog,5.0,proximity_l1_scaled
piezo5,DiffusionCF-exog,5.0,proximity_l1_scaled
piezo6,DiffusionCF-exog,5.0,proximity_l1_scaled
piezo7,DiffusionCF-exog,5.0,proximity_l1_scaled
piezo8,DiffusionCF-exog,3.0,proximity_l1_scaled
piezo9,DiffusionCF-exog,4.0,proximity_l1_scaled
ETTh1,NTD-CFE-exog,6.0,proximity_l1_scaled
ETTh2,NTD-CFE-exog,4.0,proximity_l1_scaled
Electricity,NTD-CFE-exog,4.0,proximity_l1_scaled
Weather,NTD-CFE-exog,3.0,proximity_l1_scaled
piezo1,NTD-CFE-exog,5.0,proximity_l1_scaled
piezo11,NTD-CFE-exog,1.0,proximity_l1_scaled
piezo12,NTD-CFE-exog,1.0,proximity_l1_scaled
piezo13,NTD-CFE-exog,3.0,proximity_l1_scaled
piezo14,NTD-CFE-exog,1.0,proximity_l1_scaled
piezo15,NTD-CFE-exog,1.0,proximity_l1_scaled
piezo16,NTD-CFE-exog,3.0,proximity_l1_scaled
piezo17,NTD-CFE-exog,1.0,proximity_l1_scaled
piezo18,NTD-CFE-exog,1.0,proximity_l1_scaled
piezo2,NTD-CFE-exog,1.0,proximity_l1_scaled
piezo3,NTD-CFE-exog,5.0,proximity_l1_scaled
piezo4,NTD-CFE-exog,2.0,proximity_l1_scaled
piezo5,NTD-CFE-exog,6.0,proximity_l1_scaled
piezo6,NTD-CFE-exog,3.0,proximity_l1_scaled
piezo7,NTD-CFE-exog,2.0,proximity_l1_scaled
piezo8,NTD-CFE-exog,5.0,proximity_l1_scaled
piezo9,NTD-CFE-exog,1.0,proximity_l1_scaled
ETTh1,GA-exog,3.0,proximity_l1_scaled
ETTh2,GA-exog,3.0,proximity_l1_scaled
Electricity,GA-exog,2.0,proximity_l1_scaled
Weather,GA-exog,1.0,proximity_l1_scaled
piezo1,GA-exog,2.0,proximity_l1_scaled
piezo11,GA-exog,3.0,proximity_l1_scaled
piezo12,GA-exog,3.0,proximity_l1_scaled
piezo13,GA-exog,1.0,proximity_l1_scaled
piezo14,GA-exog,2.0,proximity_l1_scaled
piezo15,GA-exog,2.0,proximity_l1_scaled
piezo16,GA-exog,4.0,proximity_l1_scaled
piezo17,GA-exog,2.0,proximity_l1_scaled
piezo18,GA-exog,2.0,proximity_l1_scaled
piezo2,GA-exog,2.0,proximity_l1_scaled
piezo3,GA-exog,3.0,proximity_l1_scaled
piezo4,GA-exog,3.0,proximity_l1_scaled
piezo5,GA-exog,3.0,proximity_l1_scaled
piezo6,GA-exog,2.0,proximity_l1_scaled
piezo7,GA-exog,3.0,proximity_l1_scaled
piezo8,GA-exog,2.0,proximity_l1_scaled
piezo9,GA-exog,3.0,proximity_l1_scaled
ETTh1,ForecastCF-target,3.0,sparsity_ratio
ETTh2,ForecastCF-target,4.0,sparsity_ratio
Electricity,ForecastCF-target,4.0,sparsity_ratio
Weather,ForecastCF-target,3.0,sparsity_ratio
piezo1,ForecastCF-target,4.0,sparsity_ratio
piezo11,ForecastCF-target,5.0,sparsity_ratio
piezo12,ForecastCF-target,5.0,sparsity_ratio
piezo13,ForecastCF-target,4.0,sparsity_ratio
piezo14,ForecastCF-target,5.0,sparsity_ratio
piezo15,ForecastCF-target,5.0,sparsity_ratio
piezo16,ForecastCF-target,2.0,sparsity_ratio
piezo17,ForecastCF-target,5.0,sparsity_ratio
piezo18,ForecastCF-target,5.0,sparsity_ratio
piezo2,ForecastCF-target,5.0,sparsity_ratio
piezo3,ForecastCF-target,4.0,sparsity_ratio
piezo4,ForecastCF-target,5.0,sparsity_ratio
piezo5,ForecastCF-target,4.0,sparsity_ratio
piezo6,ForecastCF-target,5.0,sparsity_ratio
piezo7,ForecastCF-target,5.0,sparsity_ratio
piezo8,ForecastCF-target,4.0,sparsity_ratio
piezo9,ForecastCF-target,5.0,sparsity_ratio
ETTh1,ForecastCF-exog,6.0,sparsity_ratio
ETTh2,ForecastCF-exog,7.0,sparsity_ratio
Electricity,ForecastCF-exog,6.0,sparsity_ratio
Weather,ForecastCF-exog,6.0,sparsity_ratio
piezo1,ForecastCF-exog,7.0,sparsity_ratio
piezo11,ForecastCF-exog,7.0,sparsity_ratio
piezo12,ForecastCF-exog,7.0,sparsity_ratio
piezo13,ForecastCF-exog,6.0,sparsity_ratio
piezo14,ForecastCF-exog,7.0,sparsity_ratio
piezo15,ForecastCF-exog,7.0,sparsity_ratio
piezo16,ForecastCF-exog,6.0,sparsity_ratio
piezo17,ForecastCF-exog,7.0,sparsity_ratio
piezo18,ForecastCF-exog,7.0,sparsity_ratio
piezo2,ForecastCF-exog,7.0,sparsity_ratio
piezo3,ForecastCF-exog,6.0,sparsity_ratio
piezo4,ForecastCF-exog,6.0,sparsity_ratio
piezo5,ForecastCF-exog,7.0,sparsity_ratio
piezo6,ForecastCF-exog,7.0,sparsity_ratio
piezo7,ForecastCF-exog,7.0,sparsity_ratio
piezo8,ForecastCF-exog,7.0,sparsity_ratio
piezo9,ForecastCF-exog,7.0,sparsity_ratio
ETTh1,COMET-exog,7.0,sparsity_ratio
ETTh2,COMET-exog,6.0,sparsity_ratio
Electricity,COMET-exog,7.0,sparsity_ratio
Weather,COMET-exog,7.0,sparsity_ratio
piezo1,COMET-exog,6.0,sparsity_ratio
piezo11,COMET-exog,6.0,sparsity_ratio
piezo12,COMET-exog,6.0,sparsity_ratio
piezo13,COMET-exog,7.0,sparsity_ratio
piezo14,COMET-exog,6.0,sparsity_ratio
piezo15,COMET-exog,6.0,sparsity_ratio
piezo16,COMET-exog,7.0,sparsity_ratio
piezo17,COMET-exog,6.0,sparsity_ratio
piezo18,COMET-exog,6.0,sparsity_ratio
piezo2,COMET-exog,6.0,sparsity_ratio
piezo3,COMET-exog,7.0,sparsity_ratio
piezo4,COMET-exog,7.0,sparsity_ratio
piezo5,COMET-exog,6.0,sparsity_ratio
piezo6,COMET-exog,6.0,sparsity_ratio
piezo7,COMET-exog,6.0,sparsity_ratio
piezo8,COMET-exog,6.0,sparsity_ratio
piezo9,COMET-exog,6.0,sparsity_ratio
ETTh1,DiffusionCF-target,1.0,sparsity_ratio
ETTh2,DiffusionCF-target,1.0,sparsity_ratio
Electricity,DiffusionCF-target,1.0,sparsity_ratio
Weather,DiffusionCF-target,1.0,sparsity_ratio
piezo1,DiffusionCF-target,1.0,sparsity_ratio
piezo11,DiffusionCF-target,1.0,sparsity_ratio
piezo12,DiffusionCF-target,1.0,sparsity_ratio
piezo13,DiffusionCF-target,1.0,sparsity_ratio
piezo14,DiffusionCF-target,1.0,sparsity_ratio
piezo15,DiffusionCF-target,1.0,sparsity_ratio
piezo16,DiffusionCF-target,1.0,sparsity_ratio
piezo17,DiffusionCF-target,1.0,sparsity_ratio
piezo18,DiffusionCF-target,1.0,sparsity_ratio
piezo2,DiffusionCF-target,1.0,sparsity_ratio
piezo3,DiffusionCF-target,1.0,sparsity_ratio
piezo4,DiffusionCF-target,1.0,sparsity_ratio
piezo5,DiffusionCF-target,1.0,sparsity_ratio
piezo6,DiffusionCF-target,1.0,sparsity_ratio
piezo7,DiffusionCF-target,1.0,sparsity_ratio
piezo8,DiffusionCF-target,1.0,sparsity_ratio
piezo9,DiffusionCF-target,1.0,sparsity_ratio
ETTh1,DiffusionCF-exog,4.0,sparsity_ratio
ETTh2,DiffusionCF-exog,3.0,sparsity_ratio
Electricity,DiffusionCF-exog,5.0,sparsity_ratio
Weather,DiffusionCF-exog,5.0,sparsity_ratio
piezo1,DiffusionCF-exog,3.0,sparsity_ratio
piezo11,DiffusionCF-exog,3.0,sparsity_ratio
piezo12,DiffusionCF-exog,4.0,sparsity_ratio
piezo13,DiffusionCF-exog,3.0,sparsity_ratio
piezo14,DiffusionCF-exog,4.0,sparsity_ratio
piezo15,DiffusionCF-exog,3.0,sparsity_ratio
piezo16,DiffusionCF-exog,4.0,sparsity_ratio
piezo17,DiffusionCF-exog,4.0,sparsity_ratio
piezo18,DiffusionCF-exog,3.0,sparsity_ratio
piezo2,DiffusionCF-exog,4.0,sparsity_ratio
piezo3,DiffusionCF-exog,3.0,sparsity_ratio
piezo4,DiffusionCF-exog,3.0,sparsity_ratio
piezo5,DiffusionCF-exog,3.0,sparsity_ratio
piezo6,DiffusionCF-exog,3.0,sparsity_ratio
piezo7,DiffusionCF-exog,4.0,sparsity_ratio
piezo8,DiffusionCF-exog,3.0,sparsity_ratio
piezo9,DiffusionCF-exog,4.0,sparsity_ratio
ETTh1,NTD-CFE-exog,5.0,sparsity_ratio
ETTh2,NTD-CFE-exog,5.0,sparsity_ratio
Electricity,NTD-CFE-exog,3.0,sparsity_ratio
Weather,NTD-CFE-exog,4.0,sparsity_ratio
piezo1,NTD-CFE-exog,5.0,sparsity_ratio
piezo11,NTD-CFE-exog,4.0,sparsity_ratio
piezo12,NTD-CFE-exog,3.0,sparsity_ratio
piezo13,NTD-CFE-exog,5.0,sparsity_ratio
piezo14,NTD-CFE-exog,3.0,sparsity_ratio
piezo15,NTD-CFE-exog,4.0,sparsity_ratio
piezo16,NTD-CFE-exog,5.0,sparsity_ratio
piezo17,NTD-CFE-exog,3.0,sparsity_ratio
piezo18,NTD-CFE-exog,4.0,sparsity_ratio
piezo2,NTD-CFE-exog,3.0,sparsity_ratio
piezo3,NTD-CFE-exog,5.0,sparsity_ratio
piezo4,NTD-CFE-exog,4.0,sparsity_ratio
piezo5,NTD-CFE-exog,5.0,sparsity_ratio
piezo6,NTD-CFE-exog,4.0,sparsity_ratio
piezo7,NTD-CFE-exog,3.0,sparsity_ratio
piezo8,NTD-CFE-exog,5.0,sparsity_ratio
piezo9,NTD-CFE-exog,3.0,sparsity_ratio
ETTh1,GA-exog,2.0,sparsity_ratio
ETTh2,GA-exog,2.0,sparsity_ratio
Electricity,GA-exog,2.0,sparsity_ratio
Weather,GA-exog,2.0,sparsity_ratio
piezo1,GA-exog,2.0,sparsity_ratio
piezo11,GA-exog,2.0,sparsity_ratio
piezo12,GA-exog,2.0,sparsity_ratio
piezo13,GA-exog,2.0,sparsity_ratio
piezo14,GA-exog,2.0,sparsity_ratio
piezo15,GA-exog,2.0,sparsity_ratio
piezo16,GA-exog,3.0,sparsity_ratio
piezo17,GA-exog,2.0,sparsity_ratio
piezo18,GA-exog,2.0,sparsity_ratio
piezo2,GA-exog,2.0,sparsity_ratio
piezo3,GA-exog,2.0,sparsity_ratio
piezo4,GA-exog,2.0,sparsity_ratio
piezo5,GA-exog,2.0,sparsity_ratio
piezo6,GA-exog,2.0,sparsity_ratio
piezo7,GA-exog,2.0,sparsity_ratio
piezo8,GA-exog,2.0,sparsity_ratio
piezo9,GA-exog,2.0,sparsity_ratio
ETTh1,ForecastCF-target,1.0,runtime_sec
ETTh2,ForecastCF-target,2.0,runtime_sec
Electricity,ForecastCF-target,2.0,runtime_sec
Weather,ForecastCF-target,3.0,runtime_sec
piezo1,ForecastCF-target,2.0,runtime_sec
piezo11,ForecastCF-target,2.0,runtime_sec
piezo12,ForecastCF-target,2.0,runtime_sec
piezo13,ForecastCF-target,1.0,runtime_sec
piezo14,ForecastCF-target,2.0,runtime_sec
piezo15,ForecastCF-target,2.0,runtime_sec
piezo16,ForecastCF-target,2.0,runtime_sec
piezo17,ForecastCF-target,2.0,runtime_sec
piezo18,ForecastCF-target,2.0,runtime_sec
piezo2,ForecastCF-target,2.0,runtime_sec
piezo3,ForecastCF-target,2.0,runtime_sec
piezo4,ForecastCF-target,2.0,runtime_sec
piezo5,ForecastCF-target,1.0,runtime_sec
piezo6,ForecastCF-target,2.0,runtime_sec
piezo7,ForecastCF-target,2.0,runtime_sec
piezo8,ForecastCF-target,2.0,runtime_sec
piezo9,ForecastCF-target,2.0,runtime_sec
ETTh1,ForecastCF-exog,2.0,runtime_sec
ETTh2,ForecastCF-exog,1.0,runtime_sec
Electricity,ForecastCF-exog,1.0,runtime_sec
Weather,ForecastCF-exog,1.0,runtime_sec
piezo1,ForecastCF-exog,1.0,runtime_sec
piezo11,ForecastCF-exog,1.0,runtime_sec
piezo12,ForecastCF-exog,1.0,runtime_sec
piezo13,ForecastCF-exog,2.0,runtime_sec
piezo14,ForecastCF-exog,1.0,runtime_sec
piezo15,ForecastCF-exog,1.0,runtime_sec
piezo16,ForecastCF-exog,1.0,runtime_sec
piezo17,ForecastCF-exog,1.0,runtime_sec
piezo18,ForecastCF-exog,1.0,runtime_sec
piezo2,ForecastCF-exog,1.0,runtime_sec
piezo3,ForecastCF-exog,1.0,runtime_sec
piezo4,ForecastCF-exog,1.0,runtime_sec
piezo5,ForecastCF-exog,2.0,runtime_sec
piezo6,ForecastCF-exog,1.0,runtime_sec
piezo7,ForecastCF-exog,1.0,runtime_sec
piezo8,ForecastCF-exog,1.0,runtime_sec
piezo9,ForecastCF-exog,1.0,runtime_sec
ETTh1,COMET-exog,5.0,runtime_sec
ETTh2,COMET-exog,5.0,runtime_sec
Electricity,COMET-exog,7.0,runtime_sec
Weather,COMET-exog,2.0,runtime_sec
piezo1,COMET-exog,3.0,runtime_sec
piezo11,COMET-exog,3.0,runtime_sec
piezo12,COMET-exog,3.0,runtime_sec
piezo13,COMET-exog,3.0,runtime_sec
piezo14,COMET-exog,3.0,runtime_sec
piezo15,COMET-exog,3.0,runtime_sec
piezo16,COMET-exog,3.0,runtime_sec
piezo17,COMET-exog,3.0,runtime_sec
piezo18,COMET-exog,3.0,runtime_sec
piezo2,COMET-exog,3.0,runtime_sec
piezo3,COMET-exog,3.0,runtime_sec
piezo4,COMET-exog,3.0,runtime_sec
piezo5,COMET-exog,3.0,runtime_sec
piezo6,COMET-exog,3.0,runtime_sec
piezo7,COMET-exog,3.0,runtime_sec
piezo8,COMET-exog,3.0,runtime_sec
piezo9,COMET-exog,3.0,runtime_sec
ETTh1,DiffusionCF-target,3.0,runtime_sec
ETTh2,DiffusionCF-target,3.0,runtime_sec
Electricity,DiffusionCF-target,3.0,runtime_sec
Weather,DiffusionCF-target,5.0,runtime_sec
piezo1,DiffusionCF-target,4.0,runtime_sec
piezo11,DiffusionCF-target,4.0,runtime_sec
piezo12,DiffusionCF-target,4.0,runtime_sec
piezo13,DiffusionCF-target,4.0,runtime_sec
piezo14,DiffusionCF-target,4.0,runtime_sec
piezo15,DiffusionCF-target,4.0,runtime_sec
piezo16,DiffusionCF-target,4.0,runtime_sec
piezo17,DiffusionCF-target,4.0,runtime_sec
piezo18,DiffusionCF-target,4.0,runtime_sec
piezo2,DiffusionCF-target,4.0,runtime_sec
piezo3,DiffusionCF-target,4.0,runtime_sec
piezo4,DiffusionCF-target,4.0,runtime_sec
piezo5,DiffusionCF-target,4.0,runtime_sec
piezo6,DiffusionCF-target,4.0,runtime_sec
piezo7,DiffusionCF-target,4.0,runtime_sec
piezo8,DiffusionCF-target,4.0,runtime_sec
piezo9,DiffusionCF-target,4.0,runtime_sec
ETTh1,DiffusionCF-exog,4.0,runtime_sec
ETTh2,DiffusionCF-exog,4.0,runtime_sec
Electricity,DiffusionCF-exog,4.0,runtime_sec
Weather,DiffusionCF-exog,4.0,runtime_sec
piezo1,DiffusionCF-exog,5.0,runtime_sec
piezo11,DiffusionCF-exog,5.0,runtime_sec
piezo12,DiffusionCF-exog,5.0,runtime_sec
piezo13,DiffusionCF-exog,5.0,runtime_sec
piezo14,DiffusionCF-exog,5.0,runtime_sec
piezo15,DiffusionCF-exog,5.0,runtime_sec
piezo16,DiffusionCF-exog,5.0,runtime_sec
piezo17,DiffusionCF-exog,5.0,runtime_sec
piezo18,DiffusionCF-exog,5.0,runtime_sec
piezo2,DiffusionCF-exog,5.0,runtime_sec
piezo3,DiffusionCF-exog,5.0,runtime_sec
piezo4,DiffusionCF-exog,5.0,runtime_sec
piezo5,DiffusionCF-exog,5.0,runtime_sec
piezo6,DiffusionCF-exog,5.0,runtime_sec
piezo7,DiffusionCF-exog,5.0,runtime_sec
piezo8,DiffusionCF-exog,5.0,runtime_sec
piezo9,DiffusionCF-exog,5.0,runtime_sec
ETTh1,NTD-CFE-exog,6.0,runtime_sec
ETTh2,NTD-CFE-exog,6.0,runtime_sec
Electricity,NTD-CFE-exog,5.0,runtime_sec
Weather,NTD-CFE-exog,6.0,runtime_sec
piezo1,NTD-CFE-exog,6.0,runtime_sec
piezo11,NTD-CFE-exog,6.0,runtime_sec
piezo12,NTD-CFE-exog,6.0,runtime_sec
piezo13,NTD-CFE-exog,6.0,runtime_sec
piezo14,NTD-CFE-exog,6.0,runtime_sec
piezo15,NTD-CFE-exog,6.0,runtime_sec
piezo16,NTD-CFE-exog,7.0,runtime_sec
piezo17,NTD-CFE-exog,6.0,runtime_sec
piezo18,NTD-CFE-exog,6.0,runtime_sec
piezo2,NTD-CFE-exog,6.0,runtime_sec
piezo3,NTD-CFE-exog,6.0,runtime_sec
piezo4,NTD-CFE-exog,6.0,runtime_sec
piezo5,NTD-CFE-exog,6.0,runtime_sec
piezo6,NTD-CFE-exog,6.0,runtime_sec
piezo7,NTD-CFE-exog,6.0,runtime_sec
piezo8,NTD-CFE-exog,6.0,runtime_sec
piezo9,NTD-CFE-exog,6.0,runtime_sec
ETTh1,GA-exog,7.0,runtime_sec
ETTh2,GA-exog,7.0,runtime_sec
Electricity,GA-exog,6.0,runtime_sec
Weather,GA-exog,7.0,runtime_sec
piezo1,GA-exog,7.0,runtime_sec
piezo11,GA-exog,7.0,runtime_sec
piezo12,GA-exog,7.0,runtime_sec
piezo13,GA-exog,7.0,runtime_sec
piezo14,GA-exog,7.0,runtime_sec
piezo15,GA-exog,7.0,runtime_sec
piezo16,GA-exog,6.0,runtime_sec
piezo17,GA-exog,7.0,runtime_sec
piezo18,GA-exog,7.0,runtime_sec
piezo2,GA-exog,7.0,runtime_sec
piezo3,GA-exog,7.0,runtime_sec
piezo4,GA-exog,7.0,runtime_sec
piezo5,GA-exog,7.0,runtime_sec
piezo6,GA-exog,7.0,runtime_sec
piezo7,GA-exog,7.0,runtime_sec
piezo8,GA-exog,7.0,runtime_sec
piezo9,GA-exog,7.0,runtime_sec
