metric,metric_label,direction,n_datasets,n_methods,friedman_statistic,friedman_p_value,friedman_significant_0.05,nemenyi_q_alpha,nemenyi_cd
validity_ratio,Validity ratio,higher_is_better,21,7,91.48979591836735,1.4855264406157625e-17,True,2.948320017529675,1.9655466783531166
stepwise_validity_auc,Prefix validity,higher_is_better,21,7,75.90638297872339,2.4973567494005782e-14,True,2.948320017529675,1.9655466783531166
consecutive_valid_steps,Prefix valid steps,higher_is_better,21,7,75.90638297872339,2.4973567494005782e-14,True,2.948320017529675,1.9655466783531166
max_consecutive_valid_steps,Maximum consecutive valid steps,higher_is_better,21,7,89.4587234042553,3.925120075629822e-17,True,2.948320017529675,1.9655466783531166
distance_to_band,Distance to band,lower_is_better,21,7,88.87755102040808,5.182252266189745e-17,True,2.948320017529675,1.9655466783531166
proximity_l2_scaled,Scaled L2 proximity,lower_is_better,21,7,65.85714285714278,2.8825801445185767e-12,True,2.948320017529675,1.9655466783531166
proximity_l1_scaled,Scaled L1 proximity,lower_is_better,21,7,77.73469387755097,1.0485847350881971e-14,True,2.948320017529675,1.9655466783531166
sparsity_ratio,Sparsity ratio,lower_is_better,21,7,115.48979591836735,1.4412708373726237e-22,True,2.948320017529675,1.9655466783531166
runtime_sec,Runtime,lower_is_better,21,7,117.44897959183663,5.593385678467145e-23,True,2.948320017529675,1.9655466783531166
