dataset,method,mean_rank_across_metrics
ETTh1,COMET-exog,4.111111111111111
ETTh1,DiffusionCF-exog,5.777777777777778
ETTh1,DiffusionCF-target,4.555555555555555
ETTh1,ForecastCF-exog,3.3333333333333335
ETTh1,ForecastCF-target,1.4444444444444444
ETTh1,GA-exog,3.5555555555555554
ETTh1,NTD-CFE-exog,5.222222222222222
ETTh2,COMET-exog,4.0
ETTh2,DiffusionCF-exog,6.0
ETTh2,DiffusionCF-target,4.0
ETTh2,ForecastCF-exog,3.2222222222222223
ETTh2,ForecastCF-target,2.2222222222222223
ETTh2,GA-exog,3.4444444444444446
ETTh2,NTD-CFE-exog,5.111111111111111
Electricity,COMET-exog,4.0
Electricity,DiffusionCF-exog,4.222222222222222
Electricity,DiffusionCF-target,4.111111111111111
Electricity,ForecastCF-exog,2.4444444444444446
Electricity,ForecastCF-target,3.888888888888889
Electricity,GA-exog,5.222222222222222
Electricity,NTD-CFE-exog,4.111111111111111
Weather,COMET-exog,3.2222222222222223
Weather,DiffusionCF-exog,5.555555555555555
Weather,DiffusionCF-target,5.444444444444445
Weather,ForecastCF-exog,2.0
Weather,ForecastCF-target,3.6666666666666665
Weather,GA-exog,4.777777777777778
Weather,NTD-CFE-exog,3.3333333333333335
piezo1,COMET-exog,4.0
piezo1,DiffusionCF-exog,5.111111111111111
piezo1,DiffusionCF-target,4.444444444444445
piezo1,ForecastCF-exog,3.4444444444444446
piezo1,ForecastCF-target,4.111111111111111
piezo1,GA-exog,2.6666666666666665
piezo1,NTD-CFE-exog,4.222222222222222
piezo11,COMET-exog,3.5555555555555554
piezo11,DiffusionCF-exog,5.444444444444445
piezo11,DiffusionCF-target,3.3333333333333335
piezo11,ForecastCF-exog,3.6666666666666665
piezo11,ForecastCF-target,3.6666666666666665
piezo11,GA-exog,4.444444444444445
piezo11,NTD-CFE-exog,3.888888888888889
piezo12,COMET-exog,4.0
piezo12,DiffusionCF-exog,5.777777777777778
piezo12,DiffusionCF-target,2.7777777777777777
piezo12,ForecastCF-exog,3.4444444444444446
piezo12,ForecastCF-target,3.4444444444444446
piezo12,GA-exog,4.777777777777778
piezo12,NTD-CFE-exog,3.7777777777777777
piezo13,COMET-exog,3.5555555555555554
piezo13,DiffusionCF-exog,6.0
piezo13,DiffusionCF-target,3.5555555555555554
piezo13,ForecastCF-exog,3.3333333333333335
piezo13,ForecastCF-target,2.888888888888889
piezo13,GA-exog,3.888888888888889
piezo13,NTD-CFE-exog,4.777777777777778
piezo14,COMET-exog,4.444444444444445
piezo14,DiffusionCF-exog,4.888888888888889
piezo14,DiffusionCF-target,4.111111111111111
piezo14,ForecastCF-exog,4.444444444444445
piezo14,ForecastCF-target,3.5555555555555554
piezo14,GA-exog,3.0
piezo14,NTD-CFE-exog,3.5555555555555554
piezo15,COMET-exog,3.6666666666666665
piezo15,DiffusionCF-exog,5.222222222222222
piezo15,DiffusionCF-target,4.555555555555555
piezo15,ForecastCF-exog,3.3333333333333335
piezo15,ForecastCF-target,3.6666666666666665
piezo15,GA-exog,3.4444444444444446
piezo15,NTD-CFE-exog,4.111111111111111
piezo16,COMET-exog,3.3333333333333335
piezo16,DiffusionCF-exog,6.444444444444445
piezo16,DiffusionCF-target,5.222222222222222
piezo16,ForecastCF-exog,2.888888888888889
piezo16,ForecastCF-target,2.888888888888889
piezo16,GA-exog,2.5555555555555554
piezo16,NTD-CFE-exog,4.666666666666667
piezo17,COMET-exog,3.6666666666666665
piezo17,DiffusionCF-exog,5.333333333333333
piezo17,DiffusionCF-target,4.555555555555555
piezo17,ForecastCF-exog,3.3333333333333335
piezo17,ForecastCF-target,3.5555555555555554
piezo17,GA-exog,3.5555555555555554
piezo17,NTD-CFE-exog,4.0
piezo18,COMET-exog,3.7777777777777777
piezo18,DiffusionCF-exog,5.444444444444445
piezo18,DiffusionCF-target,3.6666666666666665
piezo18,ForecastCF-exog,3.3333333333333335
piezo18,ForecastCF-target,3.5555555555555554
piezo18,GA-exog,3.7777777777777777
piezo18,NTD-CFE-exog,4.444444444444445
piezo2,COMET-exog,4.0
piezo2,DiffusionCF-exog,5.666666666666667
piezo2,DiffusionCF-target,2.4444444444444446
piezo2,ForecastCF-exog,3.6666666666666665
piezo2,ForecastCF-target,3.5555555555555554
piezo2,GA-exog,4.666666666666667
piezo2,NTD-CFE-exog,4.0
piezo3,COMET-exog,3.2222222222222223
piezo3,DiffusionCF-exog,6.0
piezo3,DiffusionCF-target,4.222222222222222
piezo3,ForecastCF-exog,3.111111111111111
piezo3,ForecastCF-target,2.888888888888889
piezo3,GA-exog,4.444444444444445
piezo3,NTD-CFE-exog,4.111111111111111
piezo4,COMET-exog,3.6666666666666665
piezo4,DiffusionCF-exog,5.333333333333333
piezo4,DiffusionCF-target,3.888888888888889
piezo4,ForecastCF-exog,4.111111111111111
piezo4,ForecastCF-target,3.6666666666666665
piezo4,GA-exog,3.5555555555555554
piezo4,NTD-CFE-exog,3.7777777777777777
piezo5,COMET-exog,3.2222222222222223
piezo5,DiffusionCF-exog,5.555555555555555
piezo5,DiffusionCF-target,4.222222222222222
piezo5,ForecastCF-exog,3.2222222222222223
piezo5,ForecastCF-target,2.888888888888889
piezo5,GA-exog,4.0
piezo5,NTD-CFE-exog,4.888888888888889
piezo6,COMET-exog,3.6666666666666665
piezo6,DiffusionCF-exog,5.5
piezo6,DiffusionCF-target,3.9444444444444446
piezo6,ForecastCF-exog,3.3333333333333335
piezo6,ForecastCF-target,3.4444444444444446
piezo6,GA-exog,4.333333333333333
piezo6,NTD-CFE-exog,3.7777777777777777
piezo7,COMET-exog,3.7777777777777777
piezo7,DiffusionCF-exog,4.888888888888889
piezo7,DiffusionCF-target,3.5555555555555554
piezo7,ForecastCF-exog,3.3333333333333335
piezo7,ForecastCF-target,3.4444444444444446
piezo7,GA-exog,5.111111111111111
piezo7,NTD-CFE-exog,3.888888888888889
piezo8,COMET-exog,3.0
piezo8,DiffusionCF-exog,5.111111111111111
piezo8,DiffusionCF-target,4.888888888888889
piezo8,ForecastCF-exog,2.888888888888889
piezo8,ForecastCF-target,3.7777777777777777
piezo8,GA-exog,4.0
piezo8,NTD-CFE-exog,4.333333333333333
piezo9,COMET-exog,3.6666666666666665
piezo9,DiffusionCF-exog,5.333333333333333
piezo9,DiffusionCF-target,3.4444444444444446
piezo9,ForecastCF-exog,3.6666666666666665
piezo9,ForecastCF-target,3.5555555555555554
piezo9,GA-exog,4.555555555555555
piezo9,NTD-CFE-exog,3.7777777777777777
