dataset,ForecastCF-target,ForecastCF-exog,COMET-exog,DiffusionCF-target,DiffusionCF-exog,NTD-CFE-exog,GA-exog
ETTh1,0.0867805355443851,0.1860610166215337,0.139139217599295,0.0688955107610672,0.3986976377665996,0.2579647415228646,0.2608633604645728
ETTh2,0.0934853058424777,0.3472611939720809,0.2759892870066687,0.1313314358610659,0.5833429840207099,0.3267419597705157,0.2707021492347121
Electricity,0.0394391303230076,0.0831805979087948,0.340766060934402,0.0366619814466684,1.120965375304222,0.0539576363943251,0.0480858682002871
Weather,0.0437919141276506,0.0148787187458947,0.0466379206394776,0.0816209278581663,0.7974331936240197,0.0434716022261272,0.0621617784770205
piezo1,0.2684632930159568,0.4502870817482471,0.3386228211969137,0.2435871978104114,0.489430747628212,0.2907220888568553,0.3248689103871583
piezo11,0.2772341228276491,0.902266134917736,0.4238544844090938,0.2484988138452172,0.455520424246788,0.0560256117451535,0.2763837894052267
piezo12,0.1895602568611502,0.7995420031249523,0.3859254077076912,0.1623053822154178,0.4740452066063881,0.0608467540791752,0.2762371033430099
piezo13,0.1445917724049649,0.44008704489097,0.2727071219403296,0.2786864869203418,0.432998030334711,0.1161981128752313,0.2752118291705846
piezo14,0.3809324456751347,0.8400998768210411,0.6011241999268532,0.5593522484600544,0.4376128110289574,0.0293510720875201,0.2572438963502645
piezo15,0.3463622926175594,0.5443811414390802,0.3919183318316936,0.2850777020305395,0.3983371523022652,0.0821610742668508,0.250526813622564
piezo16,0.0386266676126979,0.0455256624240428,0.0400051345070823,0.302384580746293,0.4098427867889404,0.0525547257387051,0.1934663420170545
piezo17,0.3912891364097595,0.8156040620803833,0.5736758598685264,0.6097521089017391,0.4672098770737648,0.0343716095660965,0.2123937294632196
piezo18,0.3156627107411622,0.7530402825772762,0.5591039662808179,0.4123050695750862,0.3889741084724665,0.0705251076575768,0.2236505906283855
piezo2,0.2686319198459386,0.8315841230750084,0.4731224289536476,0.2615885966178029,0.5174813306331635,0.0411570153515003,0.2723173985630273
piezo3,0.1648002569098025,0.3812242753338069,0.1998395368829369,0.2183367879688739,0.4234943345189094,0.2006708484249452,0.3211249060928821
piezo4,0.22689287006855,0.4958228498697281,0.2736925856024026,0.107673731544055,0.4256712624430656,0.1374957261468352,0.3464479199051857
piezo5,0.1033025475149042,0.3096339424024336,0.2039760076487436,0.1030386197566985,0.4337315593659878,0.2627966829186334,0.3306563003361225
piezo6,0.2318919971585273,0.7123734724521636,0.4269519333541393,0.1463374238321557,0.5229259605705738,0.1654081857435858,0.2950746202468872
piezo7,0.2006661164015531,0.8670313930511475,0.6038125708699227,0.0956339587830006,0.5183666515350341,0.0372323517616268,0.2569964523985981
piezo8,0.2832059088349342,0.3944952792674303,0.2926408478245139,0.3394389366731047,0.4633140034973621,0.3272707839003351,0.3242914871871471
piezo9,0.2513328409940004,0.8659547480940819,0.5414084909856319,0.2168910706788301,0.4854556286334991,0.0235500847973616,0.2641085001826286
