method,metric,rank
COMET-exog,consecutive_valid_steps,2.75
COMET-exog,proximity_l2_scaled,4.25
COMET-exog,runtime_sec,4.75
COMET-exog,sparsity_ratio,6.75
COMET-exog,stepwise_validity_auc,2.75
COMET-exog,validity_ratio,2.5
DiffusionCF-exog,consecutive_valid_steps,5.25
DiffusionCF-exog,proximity_l2_scaled,7.0
DiffusionCF-exog,runtime_sec,4.0
DiffusionCF-exog,sparsity_ratio,4.25
DiffusionCF-exog,stepwise_validity_auc,5.25
DiffusionCF-exog,validity_ratio,5.5
DiffusionCF-target,consecutive_valid_steps,6.5
DiffusionCF-target,proximity_l2_scaled,2.5
DiffusionCF-target,runtime_sec,3.5
DiffusionCF-target,sparsity_ratio,1.0
DiffusionCF-target,stepwise_validity_auc,6.5
DiffusionCF-target,validity_ratio,6.75
ForecastCF-exog,consecutive_valid_steps,1.5
ForecastCF-exog,proximity_l2_scaled,4.0
ForecastCF-exog,runtime_sec,1.25
ForecastCF-exog,sparsity_ratio,6.25
ForecastCF-exog,stepwise_validity_auc,1.5
ForecastCF-exog,validity_ratio,1.5
ForecastCF-target,consecutive_valid_steps,3.5
ForecastCF-target,proximity_l2_scaled,2.0
ForecastCF-target,runtime_sec,2.0
ForecastCF-target,sparsity_ratio,3.5
ForecastCF-target,stepwise_validity_auc,3.5
ForecastCF-target,validity_ratio,2.75
GA-exog,consecutive_valid_steps,4.25
GA-exog,proximity_l2_scaled,4.25
GA-exog,runtime_sec,6.75
GA-exog,sparsity_ratio,2.0
GA-exog,stepwise_validity_auc,4.25
GA-exog,validity_ratio,4.75
NTD-CFE-exog,consecutive_valid_steps,4.25
NTD-CFE-exog,proximity_l2_scaled,4.0
NTD-CFE-exog,runtime_sec,5.75
NTD-CFE-exog,sparsity_ratio,4.25
NTD-CFE-exog,stepwise_validity_auc,4.25
NTD-CFE-exog,validity_ratio,4.25
