dataset,method,counter,test_idx,start_idx,plot_path,changed_features,HUFL_changed_steps,HUFL_mean_abs_change_scaled,HUFL_max_abs_change_scaled,HULL_changed_steps,HULL_mean_abs_change_scaled,HULL_max_abs_change_scaled,MUFL_changed_steps,MUFL_mean_abs_change_scaled,MUFL_max_abs_change_scaled,MULL_changed_steps,MULL_mean_abs_change_scaled,MULL_max_abs_change_scaled,LUFL_changed_steps,LUFL_mean_abs_change_scaled,LUFL_max_abs_change_scaled,LULL_changed_steps,LULL_mean_abs_change_scaled,LULL_max_abs_change_scaled,OT_changed_steps,OT_mean_abs_change_scaled,OT_max_abs_change_scaled
ETTh1,ForecastCF-target,20,652,10744,C:\Users\golpour\Desktop\Mo\LitRev\2_EDBT\EDBT-results-public-datasets\datasets\ETTh1\cf_example_plots\ETTh1__ForecastCF-target__counter20__test652__start10744.png,OT,0,0.0,0.0,0,0.0,0.0,0,0.0,0.0,0,0.0,0.0,0,0.0,0.0,0,0.0,0.0,79,0.017520822584629,0.1529490351676941
ETTh1,ForecastCF-exog,20,652,10744,C:\Users\golpour\Desktop\Mo\LitRev\2_EDBT\EDBT-results-public-datasets\datasets\ETTh1\cf_example_plots\ETTh1__ForecastCF-exog__counter20__test652__start10744.png,"HUFL, HULL, MUFL, MULL, LUFL, LULL",80,0.0316797420382499,0.2854682207107544,75,0.0282943900674581,0.3904503583908081,79,0.0330631732940673,0.2853825092315674,80,0.0341983698308467,0.2859581708908081,71,0.027365306392312,0.3112016320228576,77,0.030644616112113,0.2974200844764709,0,0.0,0.0
ETTh1,COMET-exog,20,652,10744,C:\Users\golpour\Desktop\Mo\LitRev\2_EDBT\EDBT-results-public-datasets\datasets\ETTh1\cf_example_plots\ETTh1__COMET-exog__counter20__test652__start10744.png,"HUFL, HULL, MUFL, MULL, LUFL, LULL",288,0.040912739932537,0.4084457457065582,274,0.0105496598407626,0.3628126978874206,275,0.0759206265211105,0.8572818636894226,281,0.0115612391382455,0.3139688074588775,292,0.0043540205806493,0.2430022358894348,296,0.0029882381204515,0.18852399289608,0,0.0,0.0
ETTh1,DiffusionCF-target,20,652,10744,C:\Users\golpour\Desktop\Mo\LitRev\2_EDBT\EDBT-results-public-datasets\datasets\ETTh1\cf_example_plots\ETTh1__DiffusionCF-target__counter20__test652__start10744.png,OT,0,0.0,0.0,0,0.0,0.0,0,0.0,0.0,0,0.0,0.0,0,0.0,0.0,0,0.0,0.0,48,0.0339289866387844,0.6678639650344849
ETTh1,DiffusionCF-exog,20,652,10744,C:\Users\golpour\Desktop\Mo\LitRev\2_EDBT\EDBT-results-public-datasets\datasets\ETTh1\cf_example_plots\ETTh1__DiffusionCF-exog__counter20__test652__start10744.png,"HUFL, HULL, MUFL, MULL, LUFL, LULL",48,0.0874829068779945,2.6017327308654785,48,0.1453654170036316,2.474537849426269,48,0.0987190976738929,2.796334981918335,48,0.1040316969156265,1.9710453748703003,48,0.1048526316881179,2.2840352058410645,48,0.2727809250354767,3.4013009071350098,0,0.0,0.0
ETTh1,NTD-CFE-exog,20,652,10744,C:\Users\golpour\Desktop\Mo\LitRev\2_EDBT\EDBT-results-public-datasets\datasets\ETTh1\cf_example_plots\ETTh1__NTD-CFE-exog__counter20__test652__start10744.png,HUFL,299,0.3614485263824463,0.9078049659729004,0,0.0,0.0,0,0.0,0.0,0,0.0,0.0,0,0.0,0.0,0,0.0,0.0,0,0.0,0.0
ETTh1,GA-exog,20,652,10744,C:\Users\golpour\Desktop\Mo\LitRev\2_EDBT\EDBT-results-public-datasets\datasets\ETTh1\cf_example_plots\ETTh1__GA-exog__counter20__test652__start10744.png,"HUFL, HULL",50,0.0913628190755844,1.52213716506958,51,0.065551221370697,1.0915603637695312,0,8.86973897107346e-11,2.9802322387695312e-08,0,0.0,0.0,0,0.0,0.0,0,7.8053705721004e-09,2.384185791015625e-07,0,5.321843521421954e-10,5.960464477539065e-08
ETTh1,ForecastCF-target,40,1531,11623,C:\Users\golpour\Desktop\Mo\LitRev\2_EDBT\EDBT-results-public-datasets\datasets\ETTh1\cf_example_plots\ETTh1__ForecastCF-target__counter40__test1531__start11623.png,OT,0,0.0,0.0,0,0.0,0.0,0,0.0,0.0,0,0.0,0.0,0,0.0,0.0,0,0.0,0.0,98,0.110392153263092,0.8989384174346924
ETTh1,ForecastCF-exog,40,1531,11623,C:\Users\golpour\Desktop\Mo\LitRev\2_EDBT\EDBT-results-public-datasets\datasets\ETTh1\cf_example_plots\ETTh1__ForecastCF-exog__counter40__test1531__start11623.png,"HUFL, HULL, MUFL, MULL, LUFL, LULL",95,0.0935415253043174,1.000699520111084,92,0.0869733244180679,0.8373429179191589,94,0.0905383229255676,0.9283885955810548,91,0.0935555845499038,0.8432020545005798,91,0.0922519713640213,1.1317260265350342,91,0.0989589691162109,1.031194090843201,0,0.0,0.0
ETTh1,COMET-exog,40,1531,11623,C:\Users\golpour\Desktop\Mo\LitRev\2_EDBT\EDBT-results-public-datasets\datasets\ETTh1\cf_example_plots\ETTh1__COMET-exog__counter40__test1531__start11623.png,"HUFL, HULL, MUFL, MULL, LUFL, LULL",278,0.0830190479755401,1.0025924444198608,286,0.0436075292527675,0.8390749096870422,292,0.1078964620828628,0.8572818636894226,306,0.0450234338641166,0.8447079062461853,286,0.0403502285480499,1.1339919567108154,256,0.0459219142794609,1.0326108932495115,0,0.0,0.0
ETTh1,DiffusionCF-target,40,1531,11623,C:\Users\golpour\Desktop\Mo\LitRev\2_EDBT\EDBT-results-public-datasets\datasets\ETTh1\cf_example_plots\ETTh1__DiffusionCF-target__counter40__test1531__start11623.png,OT,0,0.0,0.0,0,0.0,0.0,0,0.0,0.0,0,0.0,0.0,0,0.0,0.0,0,0.0,0.0,48,0.1019883155822753,1.5930598974227903
ETTh1,DiffusionCF-exog,40,1531,11623,C:\Users\golpour\Desktop\Mo\LitRev\2_EDBT\EDBT-results-public-datasets\datasets\ETTh1\cf_example_plots\ETTh1__DiffusionCF-exog__counter40__test1531__start11623.png,"HUFL, HULL, MUFL, MULL, LUFL, LULL",48,0.1260764598846435,3.490148067474365,48,0.0953787416219711,1.8802286386489868,48,0.1288439482450485,3.83575439453125,48,0.0832705870270729,1.760799527168274,48,0.1027258932590484,2.310569524765014,48,0.0662329792976379,1.2910796403884888,0,0.0,0.0
ETTh1,NTD-CFE-exog,40,1531,11623,C:\Users\golpour\Desktop\Mo\LitRev\2_EDBT\EDBT-results-public-datasets\datasets\ETTh1\cf_example_plots\ETTh1__NTD-CFE-exog__counter40__test1531__start11623.png,HULL,0,0.0,0.0,27,0.0036976223345845,0.0460149049758911,0,0.0,0.0,0,0.0,0.0,0,0.0,0.0,0,0.0,0.0,0,0.0,0.0
ETTh1,GA-exog,40,1531,11623,C:\Users\golpour\Desktop\Mo\LitRev\2_EDBT\EDBT-results-public-datasets\datasets\ETTh1\cf_example_plots\ETTh1__GA-exog__counter40__test1531__start11623.png,"HUFL, HULL",48,0.1754036545753479,4.38456916809082,48,0.176606148481369,2.4411306381225586,0,2.838316470743507e-09,2.384185791015625e-07,0,1.4191582353717536e-09,2.384185791015625e-07,0,0.0,0.0,0,7.095791176858768e-10,1.1920928955078125e-07,0,1.2417634698280722e-09,5.960464477539065e-08
ETTh1,ForecastCF-target,60,2027,12119,C:\Users\golpour\Desktop\Mo\LitRev\2_EDBT\EDBT-results-public-datasets\datasets\ETTh1\cf_example_plots\ETTh1__ForecastCF-target__counter60__test2027__start12119.png,OT,0,0.0,0.0,0,0.0,0.0,0,0.0,0.0,0,0.0,0.0,0,0.0,0.0,0,0.0,0.0,139,0.2101647108793258,1.155534267425537
ETTh1,ForecastCF-exog,60,2027,12119,C:\Users\golpour\Desktop\Mo\LitRev\2_EDBT\EDBT-results-public-datasets\datasets\ETTh1\cf_example_plots\ETTh1__ForecastCF-exog__counter60__test2027__start12119.png,"HUFL, HULL, MUFL, MULL, LUFL, LULL",106,0.1372198313474655,1.2006487846374512,118,0.1335024684667587,1.0297715663909912,105,0.132277101278305,1.1911404132843018,115,0.1255282163619995,0.881411075592041,105,0.1303966343402862,1.188893437385559,112,0.1245662719011306,1.183452606201172,0,0.0,0.0
ETTh1,COMET-exog,60,2027,12119,C:\Users\golpour\Desktop\Mo\LitRev\2_EDBT\EDBT-results-public-datasets\datasets\ETTh1\cf_example_plots\ETTh1__COMET-exog__counter60__test2027__start12119.png,"HUFL, HULL, MUFL, MULL, LUFL, LULL",292,0.0931711420416832,1.202799677848816,297,0.0427573360502719,0.9036216139793396,291,0.1212895810604095,1.1415190696716309,288,0.057421825826168,0.8817551136016846,288,0.0425655134022235,1.1080691814422607,284,0.0586606040596962,1.1486196517944336,0,0.0,0.0
ETTh1,DiffusionCF-target,60,2027,12119,C:\Users\golpour\Desktop\Mo\LitRev\2_EDBT\EDBT-results-public-datasets\datasets\ETTh1\cf_example_plots\ETTh1__DiffusionCF-target__counter60__test2027__start12119.png,OT,0,0.0,0.0,0,0.0,0.0,0,0.0,0.0,0,0.0,0.0,0,0.0,0.0,0,0.0,0.0,48,0.0712148621678352,0.8898057341575623
ETTh1,DiffusionCF-exog,60,2027,12119,C:\Users\golpour\Desktop\Mo\LitRev\2_EDBT\EDBT-results-public-datasets\datasets\ETTh1\cf_example_plots\ETTh1__DiffusionCF-exog__counter60__test2027__start12119.png,"HUFL, HULL, MUFL, MULL, LUFL, LULL",48,0.1250970214605331,4.83793306350708,48,0.119189515709877,1.76133131980896,48,0.1510397791862487,5.294884204864502,48,0.1013207659125328,1.78847074508667,48,0.1046122834086418,1.7987163066864014,48,0.1270902305841446,1.871272683143616,0,0.0,0.0
ETTh1,NTD-CFE-exog,60,2027,12119,C:\Users\golpour\Desktop\Mo\LitRev\2_EDBT\EDBT-results-public-datasets\datasets\ETTh1\cf_example_plots\ETTh1__NTD-CFE-exog__counter60__test2027__start12119.png,MULL,0,0.0,0.0,0,0.0,0.0,0,0.0,0.0,308,0.0024238536134362,0.0026442408561706,0,0.0,0.0,0,0.0,0.0,0,0.0,0.0
ETTh1,GA-exog,60,2027,12119,C:\Users\golpour\Desktop\Mo\LitRev\2_EDBT\EDBT-results-public-datasets\datasets\ETTh1\cf_example_plots\ETTh1__GA-exog__counter60__test2027__start12119.png,"HUFL, HULL",48,0.1053802147507667,5.216381549835205,48,0.0727134570479393,2.2735629081726074,0,1.2417634698280722e-09,1.1920928955078125e-07,0,0.0,0.0,0,0.0,0.0,0,7.095791176858768e-10,1.1920928955078125e-07,0,0.0,0.0
ETTh1,ForecastCF-target,80,2734,12826,C:\Users\golpour\Desktop\Mo\LitRev\2_EDBT\EDBT-results-public-datasets\datasets\ETTh1\cf_example_plots\ETTh1__ForecastCF-target__counter80__test2734__start12826.png,OT,0,0.0,0.0,0,0.0,0.0,0,0.0,0.0,0,0.0,0.0,0,0.0,0.0,0,0.0,0.0,133,0.1491458415985107,0.9808425903320312
ETTh1,ForecastCF-exog,80,2734,12826,C:\Users\golpour\Desktop\Mo\LitRev\2_EDBT\EDBT-results-public-datasets\datasets\ETTh1\cf_example_plots\ETTh1__ForecastCF-exog__counter80__test2734__start12826.png,"HUFL, HULL, MUFL, MULL, LUFL, LULL",107,0.1096005588769912,1.1096956729888916,118,0.1086150482296943,0.9375678300857544,105,0.1073905527591705,0.8512244820594788,111,0.0974069237709045,0.861436128616333,111,0.0938622578978538,1.0493669509887695,111,0.0933927446603775,1.147072434425354,0,0.0,0.0
ETTh1,COMET-exog,80,2734,12826,C:\Users\golpour\Desktop\Mo\LitRev\2_EDBT\EDBT-results-public-datasets\datasets\ETTh1\cf_example_plots\ETTh1__COMET-exog__counter80__test2734__start12826.png,"HUFL, HULL, MUFL, MULL, LUFL, LULL",287,0.0939007699489593,1.1137826442718506,285,0.0402925089001655,0.8621146082878113,282,0.1380378156900406,0.9973182678222656,290,0.0432557836174964,0.8620588183403015,289,0.0346366241574287,1.050788640975952,297,0.0417920313775539,1.1393764019012451,0,0.0,0.0
ETTh1,DiffusionCF-target,80,2734,12826,C:\Users\golpour\Desktop\Mo\LitRev\2_EDBT\EDBT-results-public-datasets\datasets\ETTh1\cf_example_plots\ETTh1__DiffusionCF-target__counter80__test2734__start12826.png,OT,0,0.0,0.0,0,0.0,0.0,0,0.0,0.0,0,0.0,0.0,0,0.0,0.0,0,0.0,0.0,48,0.062536709010601,0.978943407535553
ETTh1,DiffusionCF-exog,80,2734,12826,C:\Users\golpour\Desktop\Mo\LitRev\2_EDBT\EDBT-results-public-datasets\datasets\ETTh1\cf_example_plots\ETTh1__DiffusionCF-exog__counter80__test2734__start12826.png,"HUFL, HULL, MUFL, MULL, LUFL, LULL",48,0.1419613659381866,3.5194203853607178,48,0.1024665832519531,2.527301549911499,48,0.1427796483039856,3.544362068176269,48,0.0968477353453636,2.1644527912139893,48,0.1414840370416641,2.4214882850646973,48,0.0905196517705917,1.461195945739746,0,0.0,0.0
ETTh1,NTD-CFE-exog,80,2734,12826,C:\Users\golpour\Desktop\Mo\LitRev\2_EDBT\EDBT-results-public-datasets\datasets\ETTh1\cf_example_plots\ETTh1__NTD-CFE-exog__counter80__test2734__start12826.png,HULL,0,0.0,0.0,110,0.0092717763036489,0.028321087360382,0,0.0,0.0,0,0.0,0.0,0,0.0,0.0,0,0.0,0.0,0,0.0,0.0
ETTh1,GA-exog,80,2734,12826,C:\Users\golpour\Desktop\Mo\LitRev\2_EDBT\EDBT-results-public-datasets\datasets\ETTh1\cf_example_plots\ETTh1__GA-exog__counter80__test2734__start12826.png,"HUFL, HULL",48,0.0929871052503585,1.9486663341522217,48,0.1132529601454734,2.448488712310791,0,1.7739477664591163e-09,2.384185791015625e-07,0,0.0,0.0,0,0.0,0.0,0,3.547895588429384e-10,1.1920928955078125e-07,0,0.0,0.0
ETTh1,ForecastCF-target,100,3405,13497,C:\Users\golpour\Desktop\Mo\LitRev\2_EDBT\EDBT-results-public-datasets\datasets\ETTh1\cf_example_plots\ETTh1__ForecastCF-target__counter100__test3405__start13497.png,OT,0,0.0,0.0,0,0.0,0.0,0,0.0,0.0,0,0.0,0.0,0,0.0,0.0,0,0.0,0.0,184,0.3771147727966308,1.2527697086334229
ETTh1,ForecastCF-exog,100,3405,13497,C:\Users\golpour\Desktop\Mo\LitRev\2_EDBT\EDBT-results-public-datasets\datasets\ETTh1\cf_example_plots\ETTh1__ForecastCF-exog__counter100__test3405__start13497.png,"HUFL, HULL, MUFL, MULL, LUFL, LULL",151,0.174745112657547,1.20855712890625,161,0.1882422268390655,1.0500465631484983,149,0.1717165112495422,0.955040693283081,153,0.1718267202377319,0.9157489538192748,156,0.1723109036684036,1.0120433568954468,157,0.1568247675895691,0.958720326423645,0,0.0,0.0
ETTh1,COMET-exog,100,3405,13497,C:\Users\golpour\Desktop\Mo\LitRev\2_EDBT\EDBT-results-public-datasets\datasets\ETTh1\cf_example_plots\ETTh1__COMET-exog__counter100__test3405__start13497.png,"HUFL, HULL, MUFL, MULL, LUFL, LULL",299,0.1126409247517585,1.2115448713302612,300,0.0457774437963962,0.934478998184204,299,0.1947610080242157,0.9662344455718994,306,0.0538613274693489,0.9148240685462952,300,0.0505875758826732,0.9627174139022828,296,0.0472498051822185,0.9637079238891602,0,0.0,0.0
ETTh1,DiffusionCF-target,100,3405,13497,C:\Users\golpour\Desktop\Mo\LitRev\2_EDBT\EDBT-results-public-datasets\datasets\ETTh1\cf_example_plots\ETTh1__DiffusionCF-target__counter100__test3405__start13497.png,OT,0,0.0,0.0,0,0.0,0.0,0,0.0,0.0,0,0.0,0.0,0,0.0,0.0,0,0.0,0.0,48,0.0814496949315071,1.1145037412643433
ETTh1,DiffusionCF-exog,100,3405,13497,C:\Users\golpour\Desktop\Mo\LitRev\2_EDBT\EDBT-results-public-datasets\datasets\ETTh1\cf_example_plots\ETTh1__DiffusionCF-exog__counter100__test3405__start13497.png,"HUFL, HULL, MUFL, MULL, LUFL, LULL",48,0.1213254928588867,1.925419807434082,48,0.0810053050518035,1.7609078884124756,48,0.1178681477904319,2.629187822341919,48,0.0657348334789276,1.4473271369934082,48,0.1363286674022674,2.422657966613769,48,0.0736938491463661,1.6769016981124878,0,0.0,0.0
ETTh1,NTD-CFE-exog,100,3405,13497,C:\Users\golpour\Desktop\Mo\LitRev\2_EDBT\EDBT-results-public-datasets\datasets\ETTh1\cf_example_plots\ETTh1__NTD-CFE-exog__counter100__test3405__start13497.png,MULL,0,0.0,0.0,0,0.0,0.0,0,0.0,0.0,124,0.0065254978835582,0.0176820158958435,0,0.0,0.0,0,0.0,0.0,0,0.0,0.0
ETTh1,GA-exog,100,3405,13497,C:\Users\golpour\Desktop\Mo\LitRev\2_EDBT\EDBT-results-public-datasets\datasets\ETTh1\cf_example_plots\ETTh1__GA-exog__counter100__test3405__start13497.png,"HUFL, HULL",48,0.1106218621134758,1.8094967603683472,48,0.0743844807147979,1.3031113147735596,0,2.1287374085687816e-09,2.384185791015625e-07,0,0.0,0.0,0,0.0,0.0,0,0.0,0.0,0,0.0,0.0
ETTh1,ForecastCF-target,120,4128,14220,C:\Users\golpour\Desktop\Mo\LitRev\2_EDBT\EDBT-results-public-datasets\datasets\ETTh1\cf_example_plots\ETTh1__ForecastCF-target__counter120__test4128__start14220.png,OT,0,0.0,0.0,0,0.0,0.0,0,0.0,0.0,0,0.0,0.0,0,0.0,0.0,0,0.0,0.0,148,0.2177715599536895,1.1538140773773191
ETTh1,ForecastCF-exog,120,4128,14220,C:\Users\golpour\Desktop\Mo\LitRev\2_EDBT\EDBT-results-public-datasets\datasets\ETTh1\cf_example_plots\ETTh1__ForecastCF-exog__counter120__test4128__start14220.png,"HUFL, HULL, MUFL, MULL, LUFL, LULL",109,0.1297028213739395,0.8582861423492432,126,0.1314112544059753,1.119194269180298,109,0.1308052837848663,0.8431198596954346,114,0.1361065506935119,0.9514697194099426,114,0.1140026599168777,1.0098739862442017,116,0.1120547652244567,0.9223591685295104,0,0.0,0.0
ETTh1,COMET-exog,120,4128,14220,C:\Users\golpour\Desktop\Mo\LitRev\2_EDBT\EDBT-results-public-datasets\datasets\ETTh1\cf_example_plots\ETTh1__COMET-exog__counter120__test4128__start14220.png,"HUFL, HULL, MUFL, MULL, LUFL, LULL",296,0.088881567120552,0.8586301803588867,290,0.0408126525580883,0.8231147527694702,305,0.1374503374099731,0.9970960021018982,294,0.0531384870409965,0.951368510723114,280,0.0434420816600322,0.9835840463638306,255,0.0429624840617179,0.8193195462226868,0,0.0,0.0
ETTh1,DiffusionCF-target,120,4128,14220,C:\Users\golpour\Desktop\Mo\LitRev\2_EDBT\EDBT-results-public-datasets\datasets\ETTh1\cf_example_plots\ETTh1__DiffusionCF-target__counter120__test4128__start14220.png,OT,0,0.0,0.0,0,0.0,0.0,0,0.0,0.0,0,0.0,0.0,0,0.0,0.0,0,0.0,0.0,48,0.0988702774047851,1.3053808212280271
ETTh1,DiffusionCF-exog,120,4128,14220,C:\Users\golpour\Desktop\Mo\LitRev\2_EDBT\EDBT-results-public-datasets\datasets\ETTh1\cf_example_plots\ETTh1__DiffusionCF-exog__counter120__test4128__start14220.png,"HUFL, HULL, MUFL, MULL, LUFL, LULL",48,0.1169269457459449,3.0811920166015625,48,0.0528838522732257,1.0006688833236694,48,0.1182593032717704,3.2323787212371826,48,0.0576517283916473,1.13983154296875,48,0.1296886801719665,3.093259811401367,48,0.0484163090586662,1.1351889371871948,0,0.0,0.0
ETTh1,NTD-CFE-exog,120,4128,14220,C:\Users\golpour\Desktop\Mo\LitRev\2_EDBT\EDBT-results-public-datasets\datasets\ETTh1\cf_example_plots\ETTh1__NTD-CFE-exog__counter120__test4128__start14220.png,LUFL,0,0.0,0.0,0,0.0,0.0,0,0.0,0.0,0,0.0,0.0,60,0.002010224154219,0.0112572908401489,0,0.0,0.0,0,0.0,0.0
ETTh1,GA-exog,120,4128,14220,C:\Users\golpour\Desktop\Mo\LitRev\2_EDBT\EDBT-results-public-datasets\datasets\ETTh1\cf_example_plots\ETTh1__GA-exog__counter120__test4128__start14220.png,"HUFL, HULL",48,0.2194306552410125,5.137240886688232,48,0.0671411603689193,1.6464763879776,0,8.869738832295582e-10,1.1920928955078125e-07,0,0.0,0.0,0,0.0,0.0,0,0.0,0.0,0,0.0,0.0
ETTh1,ForecastCF-target,140,4700,14792,C:\Users\golpour\Desktop\Mo\LitRev\2_EDBT\EDBT-results-public-datasets\datasets\ETTh1\cf_example_plots\ETTh1__ForecastCF-target__counter140__test4700__start14792.png,OT,0,0.0,0.0,0,0.0,0.0,0,0.0,0.0,0,0.0,0.0,0,0.0,0.0,0,0.0,0.0,108,0.0535146966576576,0.7708334922790527
ETTh1,ForecastCF-exog,140,4700,14792,C:\Users\golpour\Desktop\Mo\LitRev\2_EDBT\EDBT-results-public-datasets\datasets\ETTh1\cf_example_plots\ETTh1__ForecastCF-exog__counter140__test4700__start14792.png,"HUFL, HULL, MUFL, MULL, LUFL, LULL",99,0.0745210498571395,0.7203863263130188,107,0.0729092508554458,0.6772470474243164,99,0.0739251598715782,0.6712461113929749,100,0.0699979439377784,0.5832234025001526,103,0.0671211406588554,0.6842901706695557,105,0.0696609914302825,0.7966793179512024,0,0.0,0.0
ETTh1,COMET-exog,140,4700,14792,C:\Users\golpour\Desktop\Mo\LitRev\2_EDBT\EDBT-results-public-datasets\datasets\ETTh1\cf_example_plots\ETTh1__COMET-exog__counter140__test4700__start14792.png,"HUFL, HULL, MUFL, MULL, LUFL, LULL",290,0.0691055953502655,0.7300216555595398,278,0.0285887941718101,0.6839750409126282,294,0.1358170956373214,0.9973182678222656,290,0.0279913991689682,0.5952627658843994,281,0.0244141649454832,0.6994168758392334,290,0.0244025383144617,0.7356691360473633,0,0.0,0.0
ETTh1,DiffusionCF-target,140,4700,14792,C:\Users\golpour\Desktop\Mo\LitRev\2_EDBT\EDBT-results-public-datasets\datasets\ETTh1\cf_example_plots\ETTh1__DiffusionCF-target__counter140__test4700__start14792.png,OT,0,0.0,0.0,0,0.0,0.0,0,0.0,0.0,0,0.0,0.0,0,0.0,0.0,0,0.0,0.0,48,0.0426411963999271,0.8364864587783813
ETTh1,DiffusionCF-exog,140,4700,14792,C:\Users\golpour\Desktop\Mo\LitRev\2_EDBT\EDBT-results-public-datasets\datasets\ETTh1\cf_example_plots\ETTh1__DiffusionCF-exog__counter140__test4700__start14792.png,"HUFL, HULL, MUFL, MULL, LUFL, LULL",48,0.1988599002361297,3.775468826293945,48,0.1209502592682838,2.6688008308410645,48,0.1864420175552368,3.4227590560913086,48,0.1046411320567131,2.0611488819122314,48,0.1650954931974411,3.0115456581115723,48,0.0723638981580734,1.7596039772033691,0,0.0,0.0
ETTh1,NTD-CFE-exog,140,4700,14792,C:\Users\golpour\Desktop\Mo\LitRev\2_EDBT\EDBT-results-public-datasets\datasets\ETTh1\cf_example_plots\ETTh1__NTD-CFE-exog__counter140__test4700__start14792.png,"HUFL, LUFL, LULL",319,0.5068269371986389,0.9697484970092772,0,0.0,0.0,0,0.0,0.0,0,0.0,0.0,258,0.1061662137508392,0.1460540294647216,19,0.008545116521418,0.1511136293411255,0,0.0,0.0
ETTh1,GA-exog,140,4700,14792,C:\Users\golpour\Desktop\Mo\LitRev\2_EDBT\EDBT-results-public-datasets\datasets\ETTh1\cf_example_plots\ETTh1__GA-exog__counter140__test4700__start14792.png,"HUFL, HULL",48,0.211334228515625,5.613583564758301,48,0.1074555590748786,1.7925307750701904,0,2.4835269396561444e-09,2.384185791015625e-07,0,0.0,0.0,0,0.0,0.0,0,3.547895588429384e-10,1.1920928955078125e-07,0,7.095791176858768e-10,5.960464477539065e-08
ETTh1,ForecastCF-target,160,5519,15611,C:\Users\golpour\Desktop\Mo\LitRev\2_EDBT\EDBT-results-public-datasets\datasets\ETTh1\cf_example_plots\ETTh1__ForecastCF-target__counter160__test5519__start15611.png,OT,0,0.0,0.0,0,0.0,0.0,0,0.0,0.0,0,0.0,0.0,0,0.0,0.0,0,0.0,0.0,92,0.0158631019294261,0.1103194952011108
ETTh1,ForecastCF-exog,160,5519,15611,C:\Users\golpour\Desktop\Mo\LitRev\2_EDBT\EDBT-results-public-datasets\datasets\ETTh1\cf_example_plots\ETTh1__ForecastCF-exog__counter160__test5519__start15611.png,"HUFL, HULL, MUFL, MULL, LUFL, LULL",91,0.0307373739778995,0.2346625328063964,94,0.0266059841960668,0.2285082042217254,90,0.0300485286861658,0.2584322690963745,78,0.029036646708846,0.2211936712265014,91,0.028340995311737,0.2720144987106323,81,0.0289833825081586,0.2443609237670898,0,0.0,0.0
ETTh1,COMET-exog,160,5519,15611,C:\Users\golpour\Desktop\Mo\LitRev\2_EDBT\EDBT-results-public-datasets\datasets\ETTh1\cf_example_plots\ETTh1__COMET-exog__counter160__test5519__start15611.png,"HUFL, HULL, MUFL, MULL, LUFL, LULL",295,0.0508554428815841,0.3132376670837402,282,0.0095376204699277,0.2388138473033905,298,0.1286998093128204,1.0007734298706057,283,0.0086868163198232,0.2175209671258926,297,0.0055755586363375,0.2424778342247009,279,0.0071433568373322,0.2377843260765075,0,0.0,0.0
ETTh1,DiffusionCF-target,160,5519,15611,C:\Users\golpour\Desktop\Mo\LitRev\2_EDBT\EDBT-results-public-datasets\datasets\ETTh1\cf_example_plots\ETTh1__DiffusionCF-target__counter160__test5519__start15611.png,OT,0,0.0,0.0,0,0.0,0.0,0,0.0,0.0,0,0.0,0.0,0,0.0,0.0,0,0.0,0.0,48,0.0248553436249494,0.4616901874542236
ETTh1,DiffusionCF-exog,160,5519,15611,C:\Users\golpour\Desktop\Mo\LitRev\2_EDBT\EDBT-results-public-datasets\datasets\ETTh1\cf_example_plots\ETTh1__DiffusionCF-exog__counter160__test5519__start15611.png,"HUFL, HULL, MUFL, MULL, LUFL, LULL",48,0.1826463192701339,3.74614691734314,48,0.0952737927436828,1.910091638565064,48,0.1783200204372406,4.171568393707275,48,0.123603343963623,2.7687370777130127,48,0.1361823976039886,2.3896658420562744,48,0.1170344576239585,2.11350965499878,0,0.0,0.0
ETTh1,NTD-CFE-exog,160,5519,15611,C:\Users\golpour\Desktop\Mo\LitRev\2_EDBT\EDBT-results-public-datasets\datasets\ETTh1\cf_example_plots\ETTh1__NTD-CFE-exog__counter160__test5519__start15611.png,LUFL,0,0.0,0.0,0,0.0,0.0,0,0.0,0.0,0,0.0,0.0,195,0.752820611000061,1.6810745000839231,0,0.0,0.0,0,0.0,0.0
ETTh1,GA-exog,160,5519,15611,C:\Users\golpour\Desktop\Mo\LitRev\2_EDBT\EDBT-results-public-datasets\datasets\ETTh1\cf_example_plots\ETTh1__GA-exog__counter160__test5519__start15611.png,"HUFL, HULL",52,0.1646662354469299,3.867555618286133,48,0.111523263156414,2.410304546356201,0,3.1931060018308703e-09,2.384185791015625e-07,0,0.0,0.0,0,0.0,0.0,0,3.547895588429384e-10,1.1920928955078125e-07,0,7.095791176858768e-10,5.960464477539065e-08
ETTh1,ForecastCF-target,180,6250,16342,C:\Users\golpour\Desktop\Mo\LitRev\2_EDBT\EDBT-results-public-datasets\datasets\ETTh1\cf_example_plots\ETTh1__ForecastCF-target__counter180__test6250__start16342.png,none,0,0.0,0.0,0,0.0,0.0,0,0.0,0.0,0,0.0,0.0,0,0.0,0.0,0,0.0,0.0,0,0.0,0.0
ETTh1,ForecastCF-exog,180,6250,16342,C:\Users\golpour\Desktop\Mo\LitRev\2_EDBT\EDBT-results-public-datasets\datasets\ETTh1\cf_example_plots\ETTh1__ForecastCF-exog__counter180__test6250__start16342.png,none,0,0.0,0.0,0,0.0,0.0,0,0.0,0.0,0,0.0,0.0,0,0.0,0.0,0,0.0,0.0,0,0.0,0.0
ETTh1,COMET-exog,180,6250,16342,C:\Users\golpour\Desktop\Mo\LitRev\2_EDBT\EDBT-results-public-datasets\datasets\ETTh1\cf_example_plots\ETTh1__COMET-exog__counter180__test6250__start16342.png,"HUFL, HULL, MUFL, MULL, LUFL, LULL",266,0.0079164104536175,0.0099997520446777,262,0.0077973562292754,0.0099997520446777,266,0.0079164132475852,0.0099997520446777,264,0.0078568793833255,0.0099996924400329,289,0.0086009036749601,0.0099997520446777,279,0.0083032948896288,0.0099997520446777,0,0.0,0.0
ETTh1,DiffusionCF-target,180,6250,16342,C:\Users\golpour\Desktop\Mo\LitRev\2_EDBT\EDBT-results-public-datasets\datasets\ETTh1\cf_example_plots\ETTh1__DiffusionCF-target__counter180__test6250__start16342.png,OT,0,0.0,0.0,0,0.0,0.0,0,0.0,0.0,0,0.0,0.0,0,0.0,0.0,0,0.0,0.0,48,0.0770297646522522,1.394851803779602
ETTh1,DiffusionCF-exog,180,6250,16342,C:\Users\golpour\Desktop\Mo\LitRev\2_EDBT\EDBT-results-public-datasets\datasets\ETTh1\cf_example_plots\ETTh1__DiffusionCF-exog__counter180__test6250__start16342.png,"HUFL, HULL, MUFL, MULL, LUFL, LULL",48,0.191690057516098,4.816495895385742,48,0.1497749984264373,2.550063371658325,48,0.1953949630260467,4.4758501052856445,48,0.1282120943069458,2.4689011573791504,48,0.1954134106636047,3.64522385597229,48,0.0754075124859809,1.566502571105957,0,0.0,0.0
ETTh1,NTD-CFE-exog,180,6250,16342,C:\Users\golpour\Desktop\Mo\LitRev\2_EDBT\EDBT-results-public-datasets\datasets\ETTh1\cf_example_plots\ETTh1__NTD-CFE-exog__counter180__test6250__start16342.png,LUFL,0,0.0,0.0,0,0.0,0.0,0,0.0,0.0,0,0.0,0.0,36,0.0027240004856139,0.0254240632057189,0,0.0,0.0,0,0.0,0.0
ETTh1,GA-exog,180,6250,16342,C:\Users\golpour\Desktop\Mo\LitRev\2_EDBT\EDBT-results-public-datasets\datasets\ETTh1\cf_example_plots\ETTh1__GA-exog__counter180__test6250__start16342.png,"HUFL, HULL",48,0.0996113270521164,2.857900619506836,48,0.075568176805973,1.6762137413024902,0,1.1530660870562315e-09,1.1920928955078125e-07,0,0.0,0.0,0,0.0,0.0,0,2.4835269396561444e-09,1.1920928955078125e-07,0,1.0643687042843908e-09,5.960464477539065e-08
ETTh1,ForecastCF-target,200,6950,17042,C:\Users\golpour\Desktop\Mo\LitRev\2_EDBT\EDBT-results-public-datasets\datasets\ETTh1\cf_example_plots\ETTh1__ForecastCF-target__counter200__test6950__start17042.png,OT,0,0.0,0.0,0,0.0,0.0,0,0.0,0.0,0,0.0,0.0,0,0.0,0.0,0,0.0,0.0,112,0.042467888444662,0.2927560806274414
ETTh1,ForecastCF-exog,200,6950,17042,C:\Users\golpour\Desktop\Mo\LitRev\2_EDBT\EDBT-results-public-datasets\datasets\ETTh1\cf_example_plots\ETTh1__ForecastCF-exog__counter200__test6950__start17042.png,"HUFL, HULL, MUFL, MULL, LUFL, LULL",102,0.0791701227426529,0.6769136786460876,106,0.0764673054218292,0.8290092945098877,102,0.0772119984030723,0.8011992573738098,104,0.0751771554350853,0.5767548680305481,103,0.0765375271439552,0.6269910931587219,105,0.0737700462341308,0.6707957983016968,0,0.0,0.0
ETTh1,COMET-exog,200,6950,17042,C:\Users\golpour\Desktop\Mo\LitRev\2_EDBT\EDBT-results-public-datasets\datasets\ETTh1\cf_example_plots\ETTh1__COMET-exog__counter200__test6950__start17042.png,"HUFL, HULL, MUFL, MULL, LUFL, LULL",279,0.0753942131996154,0.6048507690429688,288,0.0322982668876647,0.8009117841720581,296,0.121039405465126,0.996833860874176,294,0.0307151582092046,0.5903468132019043,273,0.0114583298563957,0.6168115139007568,282,0.0255887731909751,0.6133630275726318,0,0.0,0.0
ETTh1,DiffusionCF-target,200,6950,17042,C:\Users\golpour\Desktop\Mo\LitRev\2_EDBT\EDBT-results-public-datasets\datasets\ETTh1\cf_example_plots\ETTh1__DiffusionCF-target__counter200__test6950__start17042.png,OT,0,0.0,0.0,0,0.0,0.0,0,0.0,0.0,0,0.0,0.0,0,0.0,0.0,0,0.0,0.0,48,0.0393241830170154,0.9334347248077391
ETTh1,DiffusionCF-exog,200,6950,17042,C:\Users\golpour\Desktop\Mo\LitRev\2_EDBT\EDBT-results-public-datasets\datasets\ETTh1\cf_example_plots\ETTh1__DiffusionCF-exog__counter200__test6950__start17042.png,"HUFL, HULL, MUFL, MULL, LUFL, LULL",48,0.1473978459835052,2.893676280975342,48,0.1791804581880569,2.783308744430542,48,0.1509294211864471,3.5560004711151123,48,0.1321859061717987,2.5003318786621094,48,0.2226791679859161,4.226529121398926,48,0.1298487782478332,2.294629573822021,0,0.0,0.0
ETTh1,NTD-CFE-exog,200,6950,17042,C:\Users\golpour\Desktop\Mo\LitRev\2_EDBT\EDBT-results-public-datasets\datasets\ETTh1\cf_example_plots\ETTh1__NTD-CFE-exog__counter200__test6950__start17042.png,"MUFL, MULL, LULL",0,0.0,0.0,0,0.0,0.0,307,0.0757880061864852,0.08949875831604,320,0.8594212532043457,1.4073777198791504,0,0.0,0.0,184,0.0417246371507644,0.0761928558349609,0,0.0,0.0
ETTh1,GA-exog,200,6950,17042,C:\Users\golpour\Desktop\Mo\LitRev\2_EDBT\EDBT-results-public-datasets\datasets\ETTh1\cf_example_plots\ETTh1__GA-exog__counter200__test6950__start17042.png,"HUFL, HULL",48,0.17278632521629333,3.4305739402770996,48,0.13292080163955688,2.1602747440338135,0,3.3705007673745513e-09,2.384185791015625e-07,0,0.0,0.0,0,0.0,0.0,0,7.450580596923828e-09,1.1920928955078125e-07,0,5.321843521421954e-10,5.960464477539063e-08
