dataset,forecast_r2,validity_ratio,prefix_validity,max_consecutive_valid_steps,proximity_l2_scaled,proximity_l1_scaled,sparsity_ratio,runtime_sec
ETTh1,0.5161073548987817,0.5195833333333334,0.298125,9.245,0.1860610166215337,0.0451110250316559,0.1224319727891156,0.5875176239013672
ETTh2,0.8103311884001703,0.7172916666666667,0.4066666666666666,13.745,0.2759892870066687,0.1170641572575641,0.1413988095238094,0.5656938552856445
Electricity,0.7937670836477335,0.4608333333333334,0.2839583333333333,9.03,0.0539576363943251,0.0026668671224505,0.0027094459279037,0.5066800189018249
Weather,0.9707815380705128,0.9204166666666668,0.8710416666666667,21.72,0.0466379206394776,0.0088798002907423,0.0354199735449735,0.3025522339344024
piezo1,0.4049511551856994,0.256875,0.088125,5.945,0.3248689103871583,0.1199996074289083,0.249985119047619,0.4671976590156555
piezo11,0.9987812638282776,0.0885416666666666,0.0781249999999999,2.03,0.2772341228276491,0.1075543485209345,0.1159784226190475,0.4693928945064545
piezo12,0.997352421283722,0.1233333333333333,0.1133333333333333,2.96,0.2762371033430099,0.0890445739217102,0.1018787202380951,0.4736536478996276
piezo13,0.9749787449836732,0.6389583333333334,0.6164583333333333,15.11,0.2752118291705846,0.066613879923243,0.195922619047619,0.4234571671485901
piezo14,0.8361198902130127,0.0356249999999999,0.0287499999999999,0.855,0.4376128110289574,0.1042428260669111,0.1003831845238094,0.4819156122207642
piezo15,0.9686082005500792,0.2327083333333333,0.2183333333333333,5.585,0.3463622926175594,0.0783512921072542,0.1348660714285713,0.486438170671463
piezo16,0.6426031589508057,0.9775,0.9629166666666668,23.305,0.0525547257387051,0.0300263572437688,0.1023363095238094,0.2488132524490356
piezo17,0.760626494884491,0.0477083333333333,0.0460416666666666,1.145,0.4672098770737648,0.1150811102613806,0.0983519345238094,0.4956756782531738
piezo18,0.8613729476928711,0.186875,0.1841666666666666,4.455,0.3889741084724665,0.08341556802392,0.1207849702380951,0.4933953464031219
piezo2,0.9986752271652222,0.0662499999999999,0.0585416666666666,1.59,0.2723173985630273,0.1166190963611006,0.1003199404761904,0.464592033624649
piezo3,0.9406465888023376,0.6625,0.5289583333333333,15.785,0.2183367879688739,0.0700077528972178,0.1257552083333333,0.4181130754947662
piezo4,0.9826112389564514,0.1097916666666666,0.0870833333333333,2.635,0.2736925856024026,0.0915988373383879,0.1571019345238094,0.4683768880367279
piezo5,0.9379441142082214,0.6610416666666667,0.6104166666666666,15.78,0.2627966829186334,0.0880561499553732,0.2249516369047619,0.448824827671051
piezo6,0.9936946630477904,0.1068749999999999,0.0939583333333333,2.565,0.2950746202468872,0.1139447566121816,0.1635416666666666,0.46878573179245
piezo7,0.9783318042755128,0.1064583333333333,0.0912499999999999,2.43,0.2569964523985981,0.0893442672491073,0.104735863095238,0.4720950472354889
piezo8,0.9200031161308287,0.4254166666666666,0.4066666666666666,10.115,0.3272707839003351,0.1234656730480491,0.2483742559523809,0.474394816160202
piezo9,0.9995540976524352,0.0739583333333332,0.0662499999999999,1.755,0.2641085001826286,0.1071957797743379,0.1017968749999999,0.4723391783237457
