epoch,train_scaled_L1,val_scaled_L1
1,0.2831113058301161,0.22747179342175797
2,0.1524020226091467,0.2224060021496362
3,0.13926404357505834,0.18110987045280846
4,0.13148953120600426,0.15124952696984814
5,0.12550132896768332,0.1642558329358725
6,0.1202791183958039,0.15928114037359914
7,0.11634895734019726,0.14209272236027798
8,0.11458585595571867,0.14663034841503092
9,0.11187343062252127,0.13917439944151458
10,0.10914001472397335,0.14490220028716203
11,0.10807412214542864,0.13679998650496553
12,0.10721514135278681,0.15930163380769444
13,0.10561604008147243,0.14610105366136816
14,0.10368146530814618,0.1576142929649896
15,0.10291993086742732,0.14508430178522838
16,0.10137093704874797,0.1488350660683308
17,0.09960055435262334,0.1552508115542229
18,0.09833648084861708,0.15165189673145085
19,0.09726463035550169,0.15241917685041845
20,0.09582299294147624,0.16328807895052366
21,0.09421742949434506,0.17311152194889945
