dataset,method,validity_ratio,stepwise_validity_auc,consecutive_valid_steps,max_consecutive_valid_steps,distance_to_band,proximity_l2_scaled,proximity_l1_scaled,sparsity_count,sparsity_ratio,runtime_sec
piezo1,COMET-exog,0.28833333333333333,0.088125,2.115,6.585,0.3653674282008393,0.3386228211969137,0.1987657137960195,886.415,0.6595349702380952,0.4026803481578827
piezo1,DiffusionCF-exog,0.16833333333333333,0.07499999999999998,1.8,4.0,0.7123384205767981,0.489430747628212,0.11209085237234827,136.935,0.10188616071428566,0.47912387251853944
piezo1,DiffusionCF-target,0.1564583333333333,0.06999999999999998,1.68,3.72,0.7206386769117116,0.2435871978104114,0.0392090648412704,47.995,0.03571056547619046,0.4671976590156555
piezo1,ForecastCF-exog,0.30291666666666667,0.10145833333333332,2.435,6.815,0.3318370631053301,0.45028708174824716,0.3472470536828041,1007.92,0.7499404761904762,0.27853847622871397
piezo1,ForecastCF-target,0.256875,0.06541666666666666,1.57,5.945,0.3817535050501094,0.26846329301595684,0.1199996074289083,335.98,0.24998511904761905,0.30220645785331723
piezo1,GA-exog,0.2947916666666666,0.17125,4.11,7.01,0.5138292439630124,0.32486891038715837,0.06143986154347654,85.65,0.06372767857142853,2.298249740600586
piezo1,NTD-CFE-exog,0.24270833333333333,0.12166666666666665,2.92,5.745,0.6415280992607637,0.29072208885685535,0.13084162515584008,356.4,0.2651785714285714,1.3326488256454467
piezo11,COMET-exog,0.09354166666666665,0.09062499999999997,2.175,2.245,0.9357120500768136,0.42385448440909385,0.21869500100612638,895.83,0.6665401785714287,0.41184612274169924
piezo11,DiffusionCF-exog,0.0745833333333333,0.0745833333333333,1.79,1.79,1.0029768420763634,0.455520424246788,0.10755434852093454,137.575,0.10236235119047614,0.4852739357948303
piezo11,DiffusionCF-target,0.08854166666666663,0.07458333333333331,1.79,2.03,0.8563890700574942,0.2484988138452172,0.04674354448216032,47.995,0.03571056547619046,0.4693928945064545
piezo11,ForecastCF-exog,0.10041666666666664,0.08999999999999998,2.16,2.41,0.8965900649243401,0.9022661349177361,0.757557600736618,1007.985,0.7499888392857144,0.2883563768863678
piezo11,ForecastCF-target,0.12729166666666664,0.0,0.0,3.025,0.33398223031720353,0.2772341228276491,0.1360445901751518,336.0,0.25,0.3104511666297912
piezo11,GA-exog,0.07874999999999996,0.07812499999999996,1.875,1.89,0.9950615193726555,0.2763837894052267,0.04705235752277072,85.945,0.06394717261904757,2.3176122629642486
piezo11,NTD-CFE-exog,0.0802083333333333,0.0802083333333333,1.925,1.925,1.003649075831541,0.05602561174515353,0.02362368146258173,155.875,0.11597842261904757,1.3460208082199097
piezo12,COMET-exog,0.12333333333333331,0.12333333333333331,2.96,2.96,0.8561836754400285,0.3859254077076912,0.1751600713655352,963.03,0.7165401785714286,0.4149687778949738
piezo12,DiffusionCF-exog,0.10812499999999997,0.10812499999999997,2.595,2.595,0.9341352388086847,0.4740452066063881,0.10701859228312965,136.925,0.10187872023809519,0.48787534952163697
piezo12,DiffusionCF-target,0.1289583333333333,0.1133333333333333,2.72,2.975,0.8331844982983114,0.16230538221541788,0.03019168294034894,47.985,0.03570312499999998,0.47365364789962766
piezo12,ForecastCF-exog,0.1258333333333333,0.12541666666666665,3.01,3.02,0.8322627935553482,0.7995420031249523,0.6619733153283596,1007.845,0.7498846726190476,0.28763933062553404
piezo12,ForecastCF-target,0.290625,0.015,0.36,6.83,0.18986077604737922,0.18956025686115022,0.0890445739217102,335.925,0.24994419642857144,0.30933127880096434
piezo12,GA-exog,0.11062499999999999,0.11062499999999999,2.655,2.655,0.9210919198335787,0.27623710334300994,0.044723444273695304,83.05,0.061793154761904716,2.3020706570148466
piezo12,NTD-CFE-exog,0.1139583333333333,0.1139583333333333,2.735,2.735,0.9344898891748725,0.06084675407917525,0.025113459268311503,127.945,0.09519717261904757,1.3434285950660705
piezo13,COMET-exog,0.681875,0.678125,16.275,16.305,0.25768807790670484,0.27270712194032964,0.16753027688944708,841.045,0.6257775297619047,0.3544978904724121
piezo13,DiffusionCF-exog,0.5360416666666666,0.5354166666666667,12.85,12.85,0.48814735497825334,0.43299803033471107,0.1007661751285195,139.33,0.10366815476190473,0.43987372279167175
piezo13,DiffusionCF-target,0.6389583333333334,0.6164583333333333,14.795,15.11,0.2657705936664045,0.2786864869203418,0.05067188760032873,47.99,0.03570684523809522,0.4234571671485901
piezo13,ForecastCF-exog,0.7177083333333333,0.7139583333333333,17.135,17.165,0.2248543423454732,0.44008704489097,0.34414534660056234,824.31,0.6133258928571429,0.23961957097053524
piezo13,ForecastCF-target,0.8127083333333333,0.5695833333333333,13.67,19.345,0.08357011456345002,0.14459177240496499,0.06661387992324304,263.32,0.19592261904761904,0.20253092169761655
piezo13,GA-exog,0.6252083333333334,0.62,14.88,14.955,0.3461618182309887,0.2752118291705846,0.04811935172416265,85.035,0.06327008928571425,1.9647620141506195
piezo13,NTD-CFE-exog,0.57625,0.5752083333333333,13.805,13.805,0.442506029199299,0.11619811287523131,0.051992269634103916,264.095,0.1964992559523809,1.1620928239822388
piezo14,COMET-exog,0.03687499999999996,0.027708333333333314,0.665,0.885,2.1482432740333466,0.6011241999268532,0.4135500469058752,847.895,0.630874255952381,0.42449974179267885
piezo14,DiffusionCF-exog,0.02979166666666664,0.028749999999999973,0.69,0.715,2.249550251559585,0.4376128110289574,0.09560765609145161,134.915,0.10038318452380947,0.4983213484287262
piezo14,DiffusionCF-target,0.031249999999999972,0.03062499999999997,0.735,0.75,2.2365333745576894,0.5593522484600544,0.10424282606691118,48.0,0.0357142857142857,0.4819156122207642
piezo14,ForecastCF-exog,0.038958333333333296,0.027083333333333317,0.65,0.935,2.1004342508841636,0.8400998768210411,0.7226655229926109,1008.0,0.75,0.2955348706245422
piezo14,ForecastCF-target,0.061874999999999965,0.004791666666666664,0.115,1.485,1.6268093062716336,0.3809324456751347,0.17679665666073557,335.975,0.2499813988095238,0.3144846677780151
piezo14,GA-exog,0.03562499999999997,0.033541666666666636,0.805,0.855,2.212321605524322,0.2572438963502645,0.043862974084913686,81.065,0.06031622023809519,2.3421492421627046
piezo14,NTD-CFE-exog,0.03416666666666664,0.03312499999999997,0.795,0.82,2.2539659720676153,0.029351072087520108,0.011582159361973897,125.515,0.09338913690476186,1.354358456134796
piezo15,COMET-exog,0.24604166666666663,0.24604166666666663,5.905,5.905,0.6217333926284998,0.39191833183169367,0.20544474635273213,842.59,0.6269270833333334,0.42631073951721193
piezo15,DiffusionCF-exog,0.20666666666666664,0.20666666666666664,4.96,4.96,0.7009281553361769,0.3983371523022652,0.07835129210725422,135.14,0.1005505952380952,0.5090247905254364
piezo15,DiffusionCF-target,0.21041666666666664,0.2,4.8,5.05,0.7053568909611179,0.2850777020305395,0.05204009914654303,47.995,0.03571056547619046,0.486438170671463
piezo15,ForecastCF-exog,0.3047916666666667,0.30375,7.29,7.31,0.5004996486830858,0.5443811414390802,0.43463158041238786,1007.99,0.7499925595238095,0.29504299402236933
piezo15,ForecastCF-target,0.440625,0.0325,0.78,10.55,0.2615282248330612,0.3463622926175594,0.16618208814412352,336.0,0.25,0.31877885341644285
piezo15,GA-exog,0.23270833333333332,0.23270833333333332,5.585,5.585,0.6359601004011828,0.250526813622564,0.03965891773579637,73.885,0.05497395833333329,2.3519623708724975
piezo15,NTD-CFE-exog,0.21833333333333332,0.21833333333333332,5.24,5.24,0.7131635580075596,0.0821610742668508,0.03227196870717644,181.26,0.13486607142857138,1.368915033340454
piezo16,COMET-exog,0.9785416666666668,0.9764583333333333,23.435,23.435,0.10836867065698311,0.04000513450708236,0.020257614054717075,901.815,0.6709933035714286,0.09631021499633785
piezo16,DiffusionCF-exog,0.8833333333333333,0.8808333333333332,21.14,21.14,1.1455112532100284,0.4098427867889404,0.08565592279657717,137.54,0.10233630952380947,0.2726409459114074
piezo16,DiffusionCF-target,0.9254166666666667,0.9160416666666668,21.985,22.07,0.5669497697494037,0.30238458074629304,0.0471384965605102,47.995,0.03571056547619046,0.2488132524490356
piezo16,ForecastCF-exog,0.9858333333333333,0.9847916666666667,23.635,23.635,0.09596832759469161,0.04552566242404281,0.031963105902541415,238.275,0.17728794642857143,0.042963407039642305
piezo16,ForecastCF-target,0.9775,0.9358333333333333,22.46,23.305,0.06318178544025553,0.038626667612697924,0.016977311305236057,82.975,0.06173735119047618,0.05286035299301145
piezo16,GA-exog,1.0,1.0,24.0,24.0,0.0,0.1934663420170545,0.03002635724376882,83.215,0.061915922619047575,0.3685632479190826
piezo16,NTD-CFE-exog,0.9633333333333333,0.9629166666666668,23.11,23.11,0.4773038613050526,0.052554725738705156,0.025094316819362875,197.8,0.14717261904761902,0.48844762802124025
piezo17,COMET-exog,0.06020833333333332,0.05749999999999998,1.38,1.445,1.0956539551110438,0.5736758598685264,0.3852887199819088,780.105,0.5804352678571428,0.4306942987442017
piezo17,DiffusionCF-exog,0.04166666666666665,0.04166666666666665,1.0,1.0,1.1825130380302717,0.4672098770737648,0.09561663905158635,132.185,0.09835193452380947,0.5180186307430268
piezo17,DiffusionCF-target,0.045416666666666654,0.04416666666666665,1.06,1.09,1.1085816555001307,0.6097521089017391,0.11508111026138064,48.0,0.0357142857142857,0.4956756782531738
piezo17,ForecastCF-exog,0.06874999999999998,0.06083333333333332,1.46,1.64,1.0347979703124164,0.8156040620803833,0.6968273463845253,1007.985,0.7499888392857144,0.30420927643775936
piezo17,ForecastCF-target,0.16249999999999998,0.028749999999999994,0.69,3.38,0.5620818585562175,0.39128913640975954,0.18907565958797928,336.0,0.25,0.32480295419692995
piezo17,GA-exog,0.047708333333333325,0.047708333333333325,1.145,1.145,1.1659571102017494,0.2123937294632196,0.03315908052027221,73.22,0.05447916666666661,2.3582065749168395
piezo17,NTD-CFE-exog,0.046041666666666654,0.046041666666666654,1.105,1.105,1.1972956978035894,0.03437160956609655,0.014140633830131678,119.28,0.08874999999999997,1.3754779064655305
piezo18,COMET-exog,0.23083333333333333,0.22291666666666668,5.35,5.525,0.46793179513317457,0.5591039662808179,0.3873483694903552,939.7,0.6991815476190476,0.4339330089092255
piezo18,DiffusionCF-exog,0.15562499999999999,0.15562499999999999,3.735,3.735,0.5655459912211447,0.3889741084724665,0.08341556802392,133.575,0.09938616071428567,0.5166751158237457
piezo18,DiffusionCF-target,0.186875,0.18416666666666665,4.42,4.455,0.514358255016235,0.4123050695750862,0.077219314079266,48.0,0.0357142857142857,0.49339534640312194
piezo18,ForecastCF-exog,0.30125,0.2833333333333333,6.8,7.22,0.4029126306984314,0.7530402825772762,0.6225032755732536,982.985,0.7313876488095238,0.30189628601074214
piezo18,ForecastCF-target,0.385625,0.12395833333333334,2.975,9.24,0.3102040476261091,0.31566271074116226,0.14913717844523486,327.63,0.24377232142857141,0.32221478939056397
piezo18,GA-exog,0.185,0.185,4.44,4.44,0.5259418275794805,0.22365059062838552,0.037447758675552854,72.135,0.05367187499999995,2.3423227632045744
piezo18,NTD-CFE-exog,0.16895833333333332,0.16895833333333332,4.055,4.055,0.5641980482128183,0.07052510765757684,0.031541742594404204,162.335,0.12078497023809519,1.3721787345409393
piezo2,COMET-exog,0.06624999999999996,0.0658333333333333,1.58,1.59,0.9912400062487654,0.4731224289536476,0.28140444099903106,903.265,0.6720721726190476,0.39975305676460265
piezo2,DiffusionCF-exog,0.053958333333333296,0.053958333333333296,1.295,1.295,1.038394103735542,0.5174813306331635,0.11661909636110064,134.83,0.10031994047619044,0.477485898733139
piezo2,DiffusionCF-target,0.08104166666666662,0.05937499999999996,1.425,1.85,0.8205194458558808,0.2615885966178029,0.04926577973994422,48.0,0.0357142857142857,0.46459203362464907
piezo2,ForecastCF-exog,0.06812499999999995,0.06729166666666662,1.615,1.635,0.9588245913019366,0.8315841230750084,0.7063213703036308,1007.995,0.7499962797619049,0.2765516066551208
piezo2,ForecastCF-target,0.1252083333333333,0.0,0.0,2.985,0.35038334214399974,0.26863191984593865,0.1336294914409518,336.0,0.25,0.29931535124778746
piezo2,GA-exog,0.05770833333333329,0.05770833333333329,1.385,1.385,1.0345479700469113,0.27231739856302734,0.042708923816680865,82.23,0.06118303571428567,2.277471605539322
piezo2,NTD-CFE-exog,0.058749999999999955,0.058541666666666624,1.405,1.41,1.0421560560527219,0.041157015351500334,0.01560027631053767,126.645,0.09422991071428567,1.3309962224960328
piezo3,COMET-exog,0.6745833333333333,0.6704166666666667,16.09,16.11,0.1933381745865727,0.19983953688293693,0.07000775289721782,797.09,0.5930729166666666,0.33061386585235597
piezo3,DiffusionCF-exog,0.47958333333333336,0.475,11.4,11.4,0.48754637825574754,0.42349433451890944,0.09336808938533064,137.7,0.1024553571428571,0.43646481037139895
piezo3,DiffusionCF-target,0.528125,0.51625,12.39,12.59,0.39333570104358856,0.21833678796887393,0.038411734350956926,47.985,0.03570312499999998,0.41811307549476623
piezo3,ForecastCF-exog,0.7033333333333333,0.6991666666666667,16.78,16.815,0.1704087879864428,0.3812242753338069,0.20964264100068244,516.155,0.3840438988095238,0.22508301615715023
piezo3,ForecastCF-target,0.7516666666666667,0.4577083333333334,10.985,17.99,0.08578893240923004,0.16480025690980252,0.0533844357807538,169.015,0.1257552083333333,0.2367672491073608
piezo3,GA-exog,0.5297916666666667,0.5289583333333333,12.695,12.695,0.39245743404566874,0.32112490609288213,0.06052243510261174,86.5,0.06436011904761901,1.9842087817192078
piezo3,NTD-CFE-exog,0.6625,0.6575,15.78,15.785,0.3116079051522943,0.2006708484249452,0.09107214759704728,331.105,0.24635788690476187,1.1618147695064545
piezo4,COMET-exog,0.1164583333333333,0.10208333333333332,2.45,2.795,0.7712328088482707,0.27369258560240267,0.09159883733838793,814.0,0.6056547619047619,0.4047236096858978
piezo4,DiffusionCF-exog,0.08854166666666663,0.0870833333333333,2.09,2.125,0.8625910774881278,0.42567126244306563,0.0926112940907478,137.155,0.10204985119047615,0.4854073405265808
piezo4,DiffusionCF-target,0.0983333333333333,0.08416666666666664,2.02,2.36,0.810576473441673,0.107673731544055,0.019531784575665324,47.985,0.03570312499999998,0.4683768880367279
piezo4,ForecastCF-exog,0.12291666666666662,0.08583333333333332,2.06,2.95,0.7281995607271972,0.4958228498697281,0.33309613190591336,803.24,0.5976488095238095,0.27949964761734003
piezo4,ForecastCF-target,0.1295833333333333,0.0,0.0,3.095,0.39153055134127224,0.22689287006855008,0.10141845788806673,299.145,0.222578125,0.3014580833911895
piezo4,GA-exog,0.10979166666666665,0.10791666666666665,2.59,2.635,0.8167887381571477,0.3464479199051857,0.06169977125711735,82.8,0.06160714285714281,2.305353425741196
piezo4,NTD-CFE-exog,0.1039583333333333,0.10229166666666664,2.455,2.495,0.8504063623550796,0.13749572614683525,0.05573127730044458,211.145,0.15710193452380947,1.3366442549228668
piezo5,COMET-exog,0.7045833333333333,0.6877083333333333,16.505,16.87,0.08097764580305673,0.20397600764874366,0.0880561499553732,827.03,0.6153497023809524,0.37832736134529116
piezo5,DiffusionCF-exog,0.5052083333333334,0.5052083333333334,12.125,12.125,0.27167066497702946,0.4337315593659878,0.09899442546069619,136.55,0.10159970238095234,0.4639469242095947
piezo5,DiffusionCF-target,0.508125,0.48625,11.67,12.185,0.2788473920195999,0.10303861975669858,0.016860066894441795,47.99,0.03570684523809522,0.44882482767105103
piezo5,ForecastCF-exog,0.7427083333333333,0.7241666666666667,17.38,17.765,0.0614709250274016,0.3096339424024336,0.22027024681447072,915.79,0.681391369047619,0.24906976819038387
piezo5,ForecastCF-target,0.8139583333333333,0.46458333333333335,11.15,19.515,0.033229948412559406,0.10330254751490425,0.04421220137388441,302.335,0.2249516369047619,0.19767237305641172
piezo5,GA-exog,0.6610416666666667,0.6575,15.78,15.78,0.12567012919133197,0.33065630033612253,0.06161727877333756,80.185,0.059661458333333285,1.943341956138611
piezo5,NTD-CFE-exog,0.6160416666666666,0.6104166666666666,14.65,14.73,0.17104372209828292,0.2627966829186334,0.11845860883870951,367.865,0.27370907738095235,1.2662175393104553
piezo6,COMET-exog,0.12249999999999997,0.11562499999999998,2.775,2.94,0.6833390434569179,0.42695193335413933,0.22084594115614886,898.48,0.6685119047619048,0.4086959171295166
piezo6,DiffusionCF-exog,0.08854166666666664,0.0870833333333333,2.09,2.125,0.8065656683005556,0.5229259605705738,0.11775293260812755,135.725,0.10098586309523805,0.4854204595088959
piezo6,DiffusionCF-target,0.09395833333333331,0.0795833333333333,1.91,2.125,0.7460393205397239,0.14633742383215573,0.027204352965345558,48.0,0.0357142857142857,0.46878573179245
piezo6,ForecastCF-exog,0.13041666666666665,0.12104166666666664,2.905,3.13,0.6506235475816954,0.7123734724521636,0.5906945151090622,1007.99,0.7499925595238095,0.2814907884597778
piezo6,ForecastCF-target,0.17499999999999996,0.0,0.0,4.14,0.23084868115732196,0.23189199715852735,0.11394475661218163,336.0,0.25,0.30555664658546444
piezo6,GA-exog,0.0958333333333333,0.09395833333333331,2.255,2.3,0.7961675031270999,0.2950746202468872,0.04759434577077623,76.485,0.0569084821428571,2.2947789096832274
piezo6,NTD-CFE-exog,0.10687499999999997,0.10583333333333331,2.54,2.565,0.7925589306764884,0.1654081857435858,0.07441771970893793,219.8,0.16354166666666664,1.3351398611068725
piezo7,COMET-exog,0.11499999999999998,0.11416666666666664,2.74,2.76,0.8201418798579081,0.6038125708699227,0.4009703539311886,960.25,0.7144717261904762,0.40979732394218443
piezo7,DiffusionCF-exog,0.09124999999999997,0.09124999999999997,2.19,2.19,0.9789381238966041,0.5183666515350341,0.12849962307140228,140.765,0.10473586309523805,0.4872374427318573
piezo7,DiffusionCF-target,0.10645833333333331,0.08729166666666664,2.095,2.43,0.9241393908891183,0.09563395878300067,0.0171615031571127,47.995,0.03571056547619046,0.4720950472354889
piezo7,ForecastCF-exog,0.12604166666666664,0.1252083333333333,3.005,3.025,0.7800522983441944,0.8670313930511475,0.7228462125360966,1007.99,0.7499925595238095,0.28388592123985285
piezo7,ForecastCF-target,0.24104166666666665,0.0,0.0,5.6,0.1772376994926176,0.20066611640155313,0.08934426724910731,335.96,0.2499702380952381,0.30778690218925475
piezo7,GA-exog,0.08916666666666664,0.08916666666666664,2.14,2.14,0.9834292639669545,0.25699645239859814,0.04150940096471453,84.84,0.06312499999999996,2.317562975883484
piezo7,NTD-CFE-exog,0.09270833333333331,0.09270833333333331,2.225,2.225,0.9931664579587768,0.03723235176162684,0.017226682872702483,128.34,0.09549107142857138,1.3467409110069275
piezo8,COMET-exog,0.5266666666666666,0.5233333333333333,12.56,12.56,0.17151008675667395,0.2926408478245139,0.15458414055407044,888.025,0.660732886904762,0.40703836917877195
piezo8,DiffusionCF-exog,0.31708333333333333,0.31645833333333334,7.595,7.595,0.47552399206328694,0.4633140034973621,0.10572200752794739,137.835,0.10255580357142852,0.48721591114997864
piezo8,DiffusionCF-target,0.29541666666666666,0.2922916666666666,7.015,7.05,0.49835149814800866,0.33943893667310476,0.06014337827917184,48.0,0.0357142857142857,0.474394816160202
piezo8,ForecastCF-exog,0.55875,0.535,12.84,13.215,0.15366553568851793,0.39449527926743033,0.2826228644326329,1002.51,0.7459151785714286,0.28415657997131344
piezo8,ForecastCF-target,0.508125,0.15854166666666666,3.805,12.075,0.2021259977960323,0.2832059088349342,0.12346567304804917,333.815,0.24837425595238094,0.30878636121749875
piezo8,GA-exog,0.40770833333333334,0.4066666666666666,9.76,9.76,0.34083053586039935,0.3242914871871471,0.062423757398500986,83.635,0.06222842261904758,2.298958829641342
piezo8,NTD-CFE-exog,0.42541666666666667,0.419375,10.065,10.115,0.36138915728745535,0.3272707839003351,0.14875669238515565,383.05,0.2850074404761904,1.3430739045143127
piezo9,COMET-exog,0.07749999999999996,0.0764583333333333,1.835,1.86,0.7689946179523944,0.5414084909856319,0.3357496105507016,841.065,0.6257924107142857,0.4114533305168152
piezo9,DiffusionCF-exog,0.06520833333333328,0.06520833333333328,1.565,1.565,0.819255701521454,0.48545562863349917,0.10719577977433797,136.815,0.10179687499999995,0.4906791055202484
piezo9,DiffusionCF-target,0.07395833333333329,0.05979166666666663,1.435,1.755,0.7113473352187164,0.21689107067883012,0.040834686816669956,48.0,0.0357142857142857,0.4723391783237457
piezo9,ForecastCF-exog,0.07833333333333331,0.07604166666666663,1.825,1.88,0.7487189487443321,0.8659547480940819,0.7424050697684288,1008.0,0.75,0.28749852180480956
piezo9,ForecastCF-target,0.134375,0.0,0.0,3.225,0.28976677799772016,0.2513328409940004,0.12497500803321597,336.0,0.25,0.3103267455101013
piezo9,GA-exog,0.06624999999999996,0.06624999999999996,1.59,1.59,0.816467622185145,0.2641085001826286,0.04122906988486643,81.56,0.06068452380952377,2.2958111786842346
piezo9,NTD-CFE-exog,0.06854166666666661,0.06854166666666661,1.645,1.645,0.8209718308739226,0.02355008479736166,0.008652827042500873,126.065,0.09379836309523805,1.3441751873493195
