diagram,metric,method,average_rank,n_blocks,n_methods,critical_difference,direction
validity_ratio,validity_ratio,ForecastCF-target,2.239705882352941,3400,7,0.15447334496936618,higher
validity_ratio,validity_ratio,ForecastCF-exog,3.0573529411764704,3400,7,0.15447334496936618,higher
validity_ratio,validity_ratio,COMET-exog,3.576764705882353,3400,7,0.15447334496936618,higher
validity_ratio,validity_ratio,GA-exog,4.353235294117647,3400,7,0.15447334496936618,higher
validity_ratio,validity_ratio,NTD-CFE-exog,4.50235294117647,3400,7,0.15447334496936618,higher
validity_ratio,validity_ratio,DiffusionCF-target,4.909852941176471,3400,7,0.15447334496936618,higher
validity_ratio,validity_ratio,DiffusionCF-exog,5.360735294117647,3400,7,0.15447334496936618,higher
stepwise_validity_auc,stepwise_validity_auc,ForecastCF-exog,2.7873529411764704,3400,7,0.15447334496936618,higher
stepwise_validity_auc,stepwise_validity_auc,COMET-exog,3.1333823529411764,3400,7,0.15447334496936618,higher
stepwise_validity_auc,stepwise_validity_auc,GA-exog,3.691323529411765,3400,7,0.15447334496936618,higher
stepwise_validity_auc,stepwise_validity_auc,NTD-CFE-exog,3.7961764705882355,3400,7,0.15447334496936618,higher
stepwise_validity_auc,stepwise_validity_auc,DiffusionCF-target,4.434558823529412,3400,7,0.15447334496936618,higher
stepwise_validity_auc,stepwise_validity_auc,DiffusionCF-exog,4.539558823529412,3400,7,0.15447334496936618,higher
stepwise_validity_auc,stepwise_validity_auc,ForecastCF-target,5.617647058823529,3400,7,0.15447334496936618,higher
consecutive_valid_steps,consecutive_valid_steps,ForecastCF-exog,2.7873529411764704,3400,7,0.15447334496936618,higher
consecutive_valid_steps,consecutive_valid_steps,COMET-exog,3.1333823529411764,3400,7,0.15447334496936618,higher
consecutive_valid_steps,consecutive_valid_steps,GA-exog,3.691323529411765,3400,7,0.15447334496936618,higher
consecutive_valid_steps,consecutive_valid_steps,NTD-CFE-exog,3.7961764705882355,3400,7,0.15447334496936618,higher
consecutive_valid_steps,consecutive_valid_steps,DiffusionCF-target,4.434558823529412,3400,7,0.15447334496936618,higher
consecutive_valid_steps,consecutive_valid_steps,DiffusionCF-exog,4.539558823529412,3400,7,0.15447334496936618,higher
consecutive_valid_steps,consecutive_valid_steps,ForecastCF-target,5.617647058823529,3400,7,0.15447334496936618,higher
max_consecutive_valid_steps,max_consecutive_valid_steps,ForecastCF-target,2.2677941176470586,3400,7,0.15447334496936618,higher
max_consecutive_valid_steps,max_consecutive_valid_steps,ForecastCF-exog,3.064264705882353,3400,7,0.15447334496936618,higher
max_consecutive_valid_steps,max_consecutive_valid_steps,COMET-exog,3.566470588235294,3400,7,0.15447334496936618,higher
max_consecutive_valid_steps,max_consecutive_valid_steps,GA-exog,4.337205882352941,3400,7,0.15447334496936618,higher
max_consecutive_valid_steps,max_consecutive_valid_steps,NTD-CFE-exog,4.486470588235294,3400,7,0.15447334496936618,higher
max_consecutive_valid_steps,max_consecutive_valid_steps,DiffusionCF-target,4.935735294117647,3400,7,0.15447334496936618,higher
max_consecutive_valid_steps,max_consecutive_valid_steps,DiffusionCF-exog,5.3420588235294115,3400,7,0.15447334496936618,higher
distance_to_band,distance_to_band,ForecastCF-target,1.5055882352941177,3400,7,0.15447334496936618,lower
distance_to_band,distance_to_band,ForecastCF-exog,2.2655882352941177,3400,7,0.15447334496936618,lower
distance_to_band,distance_to_band,COMET-exog,3.311470588235294,3400,7,0.15447334496936618,lower
distance_to_band,distance_to_band,GA-exog,4.550588235294118,3400,7,0.15447334496936618,lower
distance_to_band,distance_to_band,DiffusionCF-target,4.831176470588235,3400,7,0.15447334496936618,lower
distance_to_band,distance_to_band,NTD-CFE-exog,5.742058823529412,3400,7,0.15447334496936618,lower
distance_to_band,distance_to_band,DiffusionCF-exog,5.793529411764706,3400,7,0.15447334496936618,lower
proximity_l2_scaled,proximity_l2_scaled,NTD-CFE-exog,1.9838235294117648,3400,7,0.15447334496936618,lower
proximity_l2_scaled,proximity_l2_scaled,ForecastCF-target,2.8480882352941177,3400,7,0.15447334496936618,lower
proximity_l2_scaled,proximity_l2_scaled,DiffusionCF-target,3.3782352941176472,3400,7,0.15447334496936618,lower
proximity_l2_scaled,proximity_l2_scaled,GA-exog,3.623529411764706,3400,7,0.15447334496936618,lower
proximity_l2_scaled,proximity_l2_scaled,COMET-exog,4.555588235294118,3400,7,0.15447334496936618,lower
proximity_l2_scaled,proximity_l2_scaled,DiffusionCF-exog,5.463235294117647,3400,7,0.15447334496936618,lower
proximity_l2_scaled,proximity_l2_scaled,ForecastCF-exog,6.1475,3400,7,0.15447334496936618,lower
proximity_l1_scaled,proximity_l1_scaled,NTD-CFE-exog,2.237941176470588,3400,7,0.15447334496936618,lower
proximity_l1_scaled,proximity_l1_scaled,DiffusionCF-target,2.5826470588235293,3400,7,0.15447334496936618,lower
proximity_l1_scaled,proximity_l1_scaled,GA-exog,2.7344117647058823,3400,7,0.15447334496936618,lower
proximity_l1_scaled,proximity_l1_scaled,ForecastCF-target,4.154852941176471,3400,7,0.15447334496936618,lower
proximity_l1_scaled,proximity_l1_scaled,DiffusionCF-exog,4.390294117647059,3400,7,0.15447334496936618,lower
proximity_l1_scaled,proximity_l1_scaled,COMET-exog,5.338823529411765,3400,7,0.15447334496936618,lower
proximity_l1_scaled,proximity_l1_scaled,ForecastCF-exog,6.561029411764705,3400,7,0.15447334496936618,lower
sparsity_count,sparsity_count,DiffusionCF-target,1.3873529411764707,3400,7,0.15447334496936618,lower
sparsity_count,sparsity_count,GA-exog,2.4914705882352943,3400,7,0.15447334496936618,lower
sparsity_count,sparsity_count,NTD-CFE-exog,3.2508823529411766,3400,7,0.15447334496936618,lower
sparsity_count,sparsity_count,DiffusionCF-exog,3.626470588235294,3400,7,0.15447334496936618,lower
sparsity_count,sparsity_count,ForecastCF-target,4.537941176470588,3400,7,0.15447334496936618,lower
sparsity_count,sparsity_count,COMET-exog,6.155441176470588,3400,7,0.15447334496936618,lower
sparsity_count,sparsity_count,ForecastCF-exog,6.5504411764705885,3400,7,0.15447334496936618,lower
sparsity_ratio,sparsity_ratio,DiffusionCF-target,1.3873529411764707,3400,7,0.15447334496936618,lower
sparsity_ratio,sparsity_ratio,GA-exog,2.4914705882352943,3400,7,0.15447334496936618,lower
sparsity_ratio,sparsity_ratio,NTD-CFE-exog,3.2508823529411766,3400,7,0.15447334496936618,lower
sparsity_ratio,sparsity_ratio,DiffusionCF-exog,3.626470588235294,3400,7,0.15447334496936618,lower
sparsity_ratio,sparsity_ratio,ForecastCF-target,4.537941176470588,3400,7,0.15447334496936618,lower
sparsity_ratio,sparsity_ratio,COMET-exog,6.155441176470588,3400,7,0.15447334496936618,lower
sparsity_ratio,sparsity_ratio,ForecastCF-exog,6.5504411764705885,3400,7,0.15447334496936618,lower
runtime_sec,runtime_sec,ForecastCF-exog,1.2111764705882353,3400,7,0.15447334496936618,lower
runtime_sec,runtime_sec,ForecastCF-target,1.8533823529411764,3400,7,0.15447334496936618,lower
runtime_sec,runtime_sec,COMET-exog,3.0736764705882353,3400,7,0.15447334496936618,lower
runtime_sec,runtime_sec,DiffusionCF-target,4.293235294117647,3400,7,0.15447334496936618,lower
runtime_sec,runtime_sec,DiffusionCF-exog,4.71264705882353,3400,7,0.15447334496936618,lower
runtime_sec,runtime_sec,NTD-CFE-exog,5.942647058823529,3400,7,0.15447334496936618,lower
runtime_sec,runtime_sec,GA-exog,6.913235294117647,3400,7,0.15447334496936618,lower
overall_average_rank,overall_average_rank,ForecastCF-target,2.6448529411764707,3400,7,0.15447334496936618,lower
overall_average_rank,overall_average_rank,DiffusionCF-target,3.0026470588235292,3400,7,0.15447334496936618,lower
overall_average_rank,overall_average_rank,NTD-CFE-exog,3.5955882352941178,3400,7,0.15447334496936618,lower
overall_average_rank,overall_average_rank,GA-exog,3.7363235294117647,3400,7,0.15447334496936618,lower
overall_average_rank,overall_average_rank,ForecastCF-exog,4.378382352941176,3400,7,0.15447334496936618,lower
overall_average_rank,overall_average_rank,COMET-exog,4.482647058823529,3400,7,0.15447334496936618,lower
overall_average_rank,overall_average_rank,DiffusionCF-exog,6.159558823529411,3400,7,0.15447334496936618,lower
