test_mae,test_rmse,test_r2,n_test_windows,dataset,csv_path,model_path
0.3897388865042012,0.5107226025572799,0.404951110235962,4347,piezo1,c:\Users\golpour\Desktop\Mo\LitRev\1\All_Piezos\data\piezos\piezo1.csv,c:\Users\golpour\Desktop\Mo\LitRev\1\All_Piezos\outputs\piezo_multi_notebook_run\datasets\piezo1\best_gru_forecaster.pth
0.04122686570136368,0.06485372644761146,0.9986752484371615,7230,piezo2,c:\Users\golpour\Desktop\Mo\LitRev\1\All_Piezos\data\piezos\piezo2.csv,c:\Users\golpour\Desktop\Mo\LitRev\1\All_Piezos\outputs\piezo_multi_notebook_run\datasets\piezo2\best_gru_forecaster.pth
0.3339721428415684,0.5949786213414232,0.9406465675729454,4350,piezo3,c:\Users\golpour\Desktop\Mo\LitRev\1\All_Piezos\data\piezos\piezo3.csv,c:\Users\golpour\Desktop\Mo\LitRev\1\All_Piezos\outputs\piezo_multi_notebook_run\datasets\piezo3\best_gru_forecaster.pth
0.05255839009378214,0.11312574542579451,0.9826112285864204,4307,piezo4,c:\Users\golpour\Desktop\Mo\LitRev\1\All_Piezos\data\piezos\piezo4.csv,c:\Users\golpour\Desktop\Mo\LitRev\1\All_Piezos\outputs\piezo_multi_notebook_run\datasets\piezo4\best_gru_forecaster.pth
0.24046167614182495,0.5136146525128732,0.9379441292232351,3653,piezo5,c:\Users\golpour\Desktop\Mo\LitRev\1\All_Piezos\data\piezos\piezo5.csv,c:\Users\golpour\Desktop\Mo\LitRev\1\All_Piezos\outputs\piezo_multi_notebook_run\datasets\piezo5\best_gru_forecaster.pth
0.06265331440603536,0.113046599153394,0.9936946723227486,8415,piezo6,c:\Users\golpour\Desktop\Mo\LitRev\1\All_Piezos\data\piezos\piezo6.csv,c:\Users\golpour\Desktop\Mo\LitRev\1\All_Piezos\outputs\piezo_multi_notebook_run\datasets\piezo6\best_gru_forecaster.pth
0.05679570810113835,0.09754524440473294,0.9783318007024668,7233,piezo7,c:\Users\golpour\Desktop\Mo\LitRev\1\All_Piezos\data\piezos\piezo7.csv,c:\Users\golpour\Desktop\Mo\LitRev\1\All_Piezos\outputs\piezo_multi_notebook_run\datasets\piezo7\best_gru_forecaster.pth
0.18788188419358323,0.33085105691211414,0.9200031297046116,4319,piezo8,c:\Users\golpour\Desktop\Mo\LitRev\1\All_Piezos\data\piezos\piezo8.csv,c:\Users\golpour\Desktop\Mo\LitRev\1\All_Piezos\outputs\piezo_multi_notebook_run\datasets\piezo8\best_gru_forecaster.pth
0.021761702333101176,0.02991859766316941,0.9995540937422195,8292,piezo9,c:\Users\golpour\Desktop\Mo\LitRev\1\All_Piezos\data\piezos\piezo9.csv,c:\Users\golpour\Desktop\Mo\LitRev\1\All_Piezos\outputs\piezo_multi_notebook_run\datasets\piezo9\best_gru_forecaster.pth
0.04068635000049349,0.05733457115867849,0.9987812687790645,8555,piezo11,c:\Users\golpour\Desktop\Mo\LitRev\1\All_Piezos\data\piezos\piezo11.csv,c:\Users\golpour\Desktop\Mo\LitRev\1\All_Piezos\outputs\piezo_multi_notebook_run\datasets\piezo11\best_gru_forecaster.pth
0.04545650699492309,0.07320462240909,0.997352414498205,8553,piezo12,c:\Users\golpour\Desktop\Mo\LitRev\1\All_Piezos\data\piezos\piezo12.csv,c:\Users\golpour\Desktop\Mo\LitRev\1\All_Piezos\outputs\piezo_multi_notebook_run\datasets\piezo12\best_gru_forecaster.pth
0.4906864517981889,0.7414212502194015,0.9749787433031201,3482,piezo13,c:\Users\golpour\Desktop\Mo\LitRev\1\All_Piezos\data\piezos\piezo13.csv,c:\Users\golpour\Desktop\Mo\LitRev\1\All_Piezos\outputs\piezo_multi_notebook_run\datasets\piezo13\best_gru_forecaster.pth
0.18550484416688956,0.2663785527772245,0.8361198456090105,4161,piezo14,c:\Users\golpour\Desktop\Mo\LitRev\1\All_Piezos\data\piezos\piezo14.csv,c:\Users\golpour\Desktop\Mo\LitRev\1\All_Piezos\outputs\piezo_multi_notebook_run\datasets\piezo14\best_gru_forecaster.pth
0.22670075581374152,0.3336972548385366,0.9686081846086666,3539,piezo15,c:\Users\golpour\Desktop\Mo\LitRev\1\All_Piezos\data\piezos\piezo15.csv,c:\Users\golpour\Desktop\Mo\LitRev\1\All_Piezos\outputs\piezo_multi_notebook_run\datasets\piezo15\best_gru_forecaster.pth
4.326413491908257,9.312837827738422,0.6426032442673173,3012,piezo16,c:\Users\golpour\Desktop\Mo\LitRev\1\All_Piezos\data\piezos\piezo16.csv,c:\Users\golpour\Desktop\Mo\LitRev\1\All_Piezos\outputs\piezo_multi_notebook_run\datasets\piezo16\best_gru_forecaster.pth
0.3699149665766687,0.4926402922953663,0.7606265253221665,4270,piezo17,c:\Users\golpour\Desktop\Mo\LitRev\1\All_Piezos\data\piezos\piezo17.csv,c:\Users\golpour\Desktop\Mo\LitRev\1\All_Piezos\outputs\piezo_multi_notebook_run\datasets\piezo17\best_gru_forecaster.pth
0.2698593051456686,0.466055030571517,0.861372951463868,3500,piezo18,c:\Users\golpour\Desktop\Mo\LitRev\1\All_Piezos\data\piezos\piezo18.csv,c:\Users\golpour\Desktop\Mo\LitRev\1\All_Piezos\outputs\piezo_multi_notebook_run\datasets\piezo18\best_gru_forecaster.pth
