dataset,input_len,horizon,gru_lr,best_val_loss,best_epoch,val_mae,val_rmse,val_r2,n_val_windows
ETTh1,336,24,0.0001,0.17960431215478412,16,1.642584085421058,2.194711957951642,0.7012660997494498,1742
ETTh1,336,24,0.0003,0.1817377131308261,5,1.6620952661228414,2.2170453156895915,0.6951553417898371,1742
ETTh1,336,24,1e-05,0.3373947098047123,7,3.085667494691108,3.753044672270745,0.12643159769998968,1742
ETTh1,336,24,3e-05,0.1827608349163141,40,1.671452289415499,2.237876016864321,0.689399970083499,1742
ETTh1,336,24,0.001,0.18788362933423297,1,1.7183031940353686,2.2923184222253346,0.67410376856026,1742
ETTh1,336,24,0.003,0.20009483414115095,2,1.8299816206261421,2.384461557394499,0.6473774356914102,1742
ETTh2,336,24,0.0001,0.24423999300848875,39,2.8301293303980017,3.7115870541612503,0.6724912632356065,1742
ETTh2,336,24,0.0003,0.251066214728985,19,2.9092281496715597,3.758009221533909,0.664247488239389,1742
ETTh2,336,24,1e-05,0.3417047753194443,78,3.959501974380832,5.213103732666938,0.3539050879795782,1742
ETTh2,336,24,3e-05,0.26388354412997495,77,3.0577488389719942,3.981600926841761,0.6231061550376304,1742
ETTh2,336,24,0.001,0.23431630697781403,5,2.7151386724482736,3.7411201987126184,0.667258545113111,1742
ETTh2,336,24,0.003,0.22206073039640103,4,2.573127304293051,3.6100372463949175,0.6901675131385486,1742
Weather,288,24,0.0001,0.14306012530028256,23,0.9493617418384307,1.3842433541170835,0.9120414843744804,5270
Weather,288,24,0.0003,0.13679998650496553,11,0.9078188121860175,1.3339409158630096,0.9183180334519516,5270
Weather,288,24,1e-05,0.17124646665701604,80,1.1364092087325781,1.7232641427766888,0.863680903089955,5270
Weather,288,24,3e-05,0.15550554356267376,45,1.0319508303038252,1.5474438724336794,0.8900784588664616,5270
Weather,288,24,0.001,0.14134767972767015,4,0.9379977739510968,1.33950009285742,0.9176357982813058,5270
Weather,288,24,0.003,0.1698833838812088,4,1.1273636566046799,1.5475118960076177,0.8900687946446323,5270
Electricity,168,24,0.0001,0.3687175572825022,12,95.40524179043989,128.84619590441577,0.7635465520430222,2630
Electricity,168,24,0.0003,0.35762062852373594,8,92.5339270942606,125.4123759643953,0.7759818321170735,2630
Electricity,168,24,1e-05,0.3825115716955961,80,98.97442688332497,132.40438451351864,0.7503065309001336,2630
Electricity,168,24,3e-05,0.3751683273242907,41,97.07437055658033,131.5624578220824,0.753471912729273,2630
Electricity,168,24,0.001,0.33748572577541774,7,87.32404266051003,121.03373728359995,0.7913514663439285,2630
Electricity,168,24,0.003,0.33261749422595527,8,86.06439239353612,120.89953035294042,0.7918139250768013,2630
