dataset,method,counter,test_idx,start_idx,plot_path,changed_features,level_changed_steps,level_mean_abs_change_scaled,level_max_abs_change_scaled,PRELIQ_Q_changed_steps,PRELIQ_Q_mean_abs_change_scaled,PRELIQ_Q_max_abs_change_scaled,T_Q_changed_steps,T_Q_mean_abs_change_scaled,T_Q_max_abs_change_scaled,ETP_Q_changed_steps,ETP_Q_mean_abs_change_scaled,ETP_Q_max_abs_change_scaled
piezo2,ForecastCF-target,20,484,10968,c:\Users\golpour\Desktop\Mo\LitRev\1\All_Piezos\EDBT-results\datasets\piezo2\cf_example_plots\piezo2__ForecastCF-target__counter20__test484__start10968.png,level,336,0.4970088601112366,0.5945920348167419,0,0.0,0.0,0,0.0,0.0,0,0.0,0.0
piezo2,ForecastCF-exog,20,484,10968,c:\Users\golpour\Desktop\Mo\LitRev\1\All_Piezos\EDBT-results\datasets\piezo2\cf_example_plots\piezo2__ForecastCF-exog__counter20__test484__start10968.png,"PRELIQ_Q, T_Q, ETP_Q",0,0.0,0.0,336,0.9323508143424988,1.201631784439087,336,0.9146419763565063,1.327498197555542,336,0.941727876663208,1.4423532485961914
piezo2,COMET-exog,20,484,10968,c:\Users\golpour\Desktop\Mo\LitRev\1\All_Piezos\EDBT-results\datasets\piezo2\cf_example_plots\piezo2__COMET-exog__counter20__test484__start10968.png,"PRELIQ_Q, T_Q, ETP_Q",0,0.0,0.0,228,0.2127397209405899,1.1719839572906494,336,0.8192901611328125,1.2988319396972656,336,0.4650565683841705,1.2974034547805786
piezo2,DiffusionCF-target,20,484,10968,c:\Users\golpour\Desktop\Mo\LitRev\1\All_Piezos\EDBT-results\datasets\piezo2\cf_example_plots\piezo2__DiffusionCF-target__counter20__test484__start10968.png,level,48,0.0221803560853004,0.2927221059799194,0,0.0,0.0,0,0.0,0.0,0,0.0,0.0
piezo2,DiffusionCF-exog,20,484,10968,c:\Users\golpour\Desktop\Mo\LitRev\1\All_Piezos\EDBT-results\datasets\piezo2\cf_example_plots\piezo2__DiffusionCF-exog__counter20__test484__start10968.png,"PRELIQ_Q, T_Q, ETP_Q",0,0.0,0.0,39,0.0865077823400497,4.048441886901856,48,0.2241001576185226,2.850637197494507,48,0.1260211616754531,2.8836498260498047
piezo2,NTD-CFE-exog,20,484,10968,c:\Users\golpour\Desktop\Mo\LitRev\1\All_Piezos\EDBT-results\datasets\piezo2\cf_example_plots\piezo2__NTD-CFE-exog__counter20__test484__start10968.png,ETP_Q,0,0.0,0.0,0,0.0,0.0,0,0.0,0.0,34,0.0029049727600067,0.0287079811096191
piezo2,GA-exog,20,484,10968,c:\Users\golpour\Desktop\Mo\LitRev\1\All_Piezos\EDBT-results\datasets\piezo2\cf_example_plots\piezo2__GA-exog__counter20__test484__start10968.png,"PRELIQ_Q, T_Q",0,0.0,0.0,30,0.0506797693669796,4.013710021972656,48,0.0650888979434967,1.6511671543121338,0,1.4191582353717536e-09,2.384185791015625e-07
piezo2,ForecastCF-target,40,1307,11791,c:\Users\golpour\Desktop\Mo\LitRev\1\All_Piezos\EDBT-results\datasets\piezo2\cf_example_plots\piezo2__ForecastCF-target__counter40__test1307__start11791.png,level,336,0.4972695708274841,0.5657230615615845,0,0.0,0.0,0,0.0,0.0,0,0.0,0.0
piezo2,ForecastCF-exog,40,1307,11791,c:\Users\golpour\Desktop\Mo\LitRev\1\All_Piezos\EDBT-results\datasets\piezo2\cf_example_plots\piezo2__ForecastCF-exog__counter40__test1307__start11791.png,"PRELIQ_Q, T_Q, ETP_Q",0,0.0,0.0,336,0.9569438695907592,1.3460590839385986,336,0.9584732055664062,1.429507613182068,336,0.9370380640029908,1.3222522735595703
piezo2,COMET-exog,40,1307,11791,c:\Users\golpour\Desktop\Mo\LitRev\1\All_Piezos\EDBT-results\datasets\piezo2\cf_example_plots\piezo2__COMET-exog__counter40__test1307__start11791.png,"PRELIQ_Q, T_Q, ETP_Q",0,0.0,0.0,237,0.1728417575359344,1.113905906677246,336,0.6856523156166077,1.1743907928466797,336,0.3539580702781677,1.1135733127593994
piezo2,DiffusionCF-target,40,1307,11791,c:\Users\golpour\Desktop\Mo\LitRev\1\All_Piezos\EDBT-results\datasets\piezo2\cf_example_plots\piezo2__DiffusionCF-target__counter40__test1307__start11791.png,level,48,0.1499200761318206,1.1903188228607178,0,0.0,0.0,0,0.0,0.0,0,0.0,0.0
piezo2,DiffusionCF-exog,40,1307,11791,c:\Users\golpour\Desktop\Mo\LitRev\1\All_Piezos\EDBT-results\datasets\piezo2\cf_example_plots\piezo2__DiffusionCF-exog__counter40__test1307__start11791.png,"PRELIQ_Q, T_Q, ETP_Q",0,0.0,0.0,42,0.139046311378479,9.95368766784668,48,0.189850702881813,2.582831859588623,48,0.1205506101250648,2.2932372093200684
piezo2,NTD-CFE-exog,40,1307,11791,c:\Users\golpour\Desktop\Mo\LitRev\1\All_Piezos\EDBT-results\datasets\piezo2\cf_example_plots\piezo2__NTD-CFE-exog__counter40__test1307__start11791.png,T_Q,0,0.0,0.0,0,0.0,0.0,142,0.0027955886907875,0.0066149234771728,0,0.0,0.0
piezo2,GA-exog,40,1307,11791,c:\Users\golpour\Desktop\Mo\LitRev\1\All_Piezos\EDBT-results\datasets\piezo2\cf_example_plots\piezo2__GA-exog__counter40__test1307__start11791.png,"PRELIQ_Q, T_Q",0,0.0,0.0,38,0.0589659661054611,3.80492639541626,48,0.0691737979650497,1.341386795043945,0,7.095791176858768e-10,2.384185791015625e-07
piezo2,ForecastCF-target,60,2441,12925,c:\Users\golpour\Desktop\Mo\LitRev\1\All_Piezos\EDBT-results\datasets\piezo2\cf_example_plots\piezo2__ForecastCF-target__counter60__test2441__start12925.png,level,336,0.5549945831298828,0.9635510444641112,0,0.0,0.0,0,0.0,0.0,0,0.0,0.0
piezo2,ForecastCF-exog,60,2441,12925,c:\Users\golpour\Desktop\Mo\LitRev\1\All_Piezos\EDBT-results\datasets\piezo2\cf_example_plots\piezo2__ForecastCF-exog__counter60__test2441__start12925.png,"PRELIQ_Q, T_Q, ETP_Q",0,0.0,0.0,336,0.9811215996742249,1.2918369770050049,336,0.8654764890670776,1.4159674644470217,336,0.9411735534667968,1.4186006784439087
piezo2,COMET-exog,60,2441,12925,c:\Users\golpour\Desktop\Mo\LitRev\1\All_Piezos\EDBT-results\datasets\piezo2\cf_example_plots\piezo2__COMET-exog__counter60__test2441__start12925.png,"PRELIQ_Q, T_Q, ETP_Q",0,0.0,0.0,241,0.1780895292758941,1.249053955078125,336,0.2849999368190765,1.2404706478118896,336,0.089021660387516,1.1852965354919434
piezo2,DiffusionCF-target,60,2441,12925,c:\Users\golpour\Desktop\Mo\LitRev\1\All_Piezos\EDBT-results\datasets\piezo2\cf_example_plots\piezo2__DiffusionCF-target__counter60__test2441__start12925.png,level,48,0.2995938062667846,2.259074687957764,0,0.0,0.0,0,0.0,0.0,0,0.0,0.0
piezo2,DiffusionCF-exog,60,2441,12925,c:\Users\golpour\Desktop\Mo\LitRev\1\All_Piezos\EDBT-results\datasets\piezo2\cf_example_plots\piezo2__DiffusionCF-exog__counter60__test2441__start12925.png,"PRELIQ_Q, T_Q, ETP_Q",0,0.0,0.0,41,0.1001725420355796,7.006315231323242,48,0.1526637375354766,3.520418405532837,48,0.1279403865337371,2.470163583755493
piezo2,NTD-CFE-exog,60,2441,12925,c:\Users\golpour\Desktop\Mo\LitRev\1\All_Piezos\EDBT-results\datasets\piezo2\cf_example_plots\piezo2__NTD-CFE-exog__counter60__test2441__start12925.png,PRELIQ_Q,0,0.0,0.0,165,0.0058444263413548,0.0119013786315917,0,0.0,0.0,0,0.0,0.0
piezo2,GA-exog,60,2441,12925,c:\Users\golpour\Desktop\Mo\LitRev\1\All_Piezos\EDBT-results\datasets\piezo2\cf_example_plots\piezo2__GA-exog__counter60__test2441__start12925.png,"PRELIQ_Q, T_Q",0,0.0,0.0,32,0.0516090616583824,2.2220771312713623,48,0.0504804924130439,1.191438913345337,0,7.095791176858768e-10,2.384185791015625e-07
piezo2,ForecastCF-target,80,3066,13550,c:\Users\golpour\Desktop\Mo\LitRev\1\All_Piezos\EDBT-results\datasets\piezo2\cf_example_plots\piezo2__ForecastCF-target__counter80__test3066__start13550.png,level,336,0.6236968040466309,1.215486764907837,0,0.0,0.0,0,0.0,0.0,0,0.0,0.0
piezo2,ForecastCF-exog,80,3066,13550,c:\Users\golpour\Desktop\Mo\LitRev\1\All_Piezos\EDBT-results\datasets\piezo2\cf_example_plots\piezo2__ForecastCF-exog__counter80__test3066__start13550.png,"PRELIQ_Q, T_Q, ETP_Q",0,0.0,0.0,336,0.9965012073516846,1.2269715070724487,336,0.8681457042694092,1.3346469402313232,336,1.0387405157089231,1.401626706123352
piezo2,COMET-exog,80,3066,13550,c:\Users\golpour\Desktop\Mo\LitRev\1\All_Piezos\EDBT-results\datasets\piezo2\cf_example_plots\piezo2__COMET-exog__counter80__test3066__start13550.png,"PRELIQ_Q, T_Q, ETP_Q",0,0.0,0.0,215,0.177131175994873,1.0016374588012695,336,0.4333448410034179,1.2200934886932373,336,0.0852954685688018,1.0129703283309937
piezo2,DiffusionCF-target,80,3066,13550,c:\Users\golpour\Desktop\Mo\LitRev\1\All_Piezos\EDBT-results\datasets\piezo2\cf_example_plots\piezo2__DiffusionCF-target__counter80__test3066__start13550.png,level,48,0.3344422876834869,2.508734941482544,0,0.0,0.0,0,0.0,0.0,0,0.0,0.0
piezo2,DiffusionCF-exog,80,3066,13550,c:\Users\golpour\Desktop\Mo\LitRev\1\All_Piezos\EDBT-results\datasets\piezo2\cf_example_plots\piezo2__DiffusionCF-exog__counter80__test3066__start13550.png,"PRELIQ_Q, T_Q, ETP_Q",0,0.0,0.0,39,0.1208254694938659,5.6617302894592285,48,0.1370560377836227,1.9261395931243896,48,0.1338704824447631,2.598098993301392
piezo2,NTD-CFE-exog,80,3066,13550,c:\Users\golpour\Desktop\Mo\LitRev\1\All_Piezos\EDBT-results\datasets\piezo2\cf_example_plots\piezo2__NTD-CFE-exog__counter80__test3066__start13550.png,ETP_Q,0,0.0,0.0,0,0.0,0.0,0,0.0,0.0,3,0.0007744128233753,0.0867342352867126
piezo2,GA-exog,80,3066,13550,c:\Users\golpour\Desktop\Mo\LitRev\1\All_Piezos\EDBT-results\datasets\piezo2\cf_example_plots\piezo2__GA-exog__counter80__test3066__start13550.png,"PRELIQ_Q, T_Q",0,0.0,0.0,44,0.095884621143341,7.54897403717041,48,0.074339672923088,1.5372419357299805,0,7.095791176858768e-10,2.384185791015625e-07
piezo2,ForecastCF-target,100,3695,14179,c:\Users\golpour\Desktop\Mo\LitRev\1\All_Piezos\EDBT-results\datasets\piezo2\cf_example_plots\piezo2__ForecastCF-target__counter100__test3695__start14179.png,level,336,0.6193938255310059,1.0110480785369873,0,0.0,0.0,0,0.0,0.0,0,0.0,0.0
piezo2,ForecastCF-exog,100,3695,14179,c:\Users\golpour\Desktop\Mo\LitRev\1\All_Piezos\EDBT-results\datasets\piezo2\cf_example_plots\piezo2__ForecastCF-exog__counter100__test3695__start14179.png,"PRELIQ_Q, T_Q, ETP_Q",0,0.0,0.0,336,0.9785807728767396,1.1750340461730957,336,0.8832461833953857,1.1673060655593872,336,0.9471212029457092,1.4525268077850342
piezo2,COMET-exog,100,3695,14179,c:\Users\golpour\Desktop\Mo\LitRev\1\All_Piezos\EDBT-results\datasets\piezo2\cf_example_plots\piezo2__COMET-exog__counter100__test3695__start14179.png,"PRELIQ_Q, T_Q, ETP_Q",0,0.0,0.0,225,0.2431730031967163,1.1723337173461914,336,0.4424205422401428,1.0953294038772583,336,0.2196205258369445,1.1020711660385132
piezo2,DiffusionCF-target,100,3695,14179,c:\Users\golpour\Desktop\Mo\LitRev\1\All_Piezos\EDBT-results\datasets\piezo2\cf_example_plots\piezo2__DiffusionCF-target__counter100__test3695__start14179.png,level,48,0.3508663177490234,2.6455674171447754,0,0.0,0.0,0,0.0,0.0,0,0.0,0.0
piezo2,DiffusionCF-exog,100,3695,14179,c:\Users\golpour\Desktop\Mo\LitRev\1\All_Piezos\EDBT-results\datasets\piezo2\cf_example_plots\piezo2__DiffusionCF-exog__counter100__test3695__start14179.png,"PRELIQ_Q, T_Q, ETP_Q",0,0.0,0.0,39,0.1373368501663208,4.870306015014648,48,0.1983392089605331,2.4445645809173584,48,0.1136252060532569,2.9452857971191406
piezo2,NTD-CFE-exog,100,3695,14179,c:\Users\golpour\Desktop\Mo\LitRev\1\All_Piezos\EDBT-results\datasets\piezo2\cf_example_plots\piezo2__NTD-CFE-exog__counter100__test3695__start14179.png,ETP_Q,0,0.0,0.0,0,0.0,0.0,0,0.0,0.0,10,0.000176880377694,0.0059431940317153
piezo2,GA-exog,100,3695,14179,c:\Users\golpour\Desktop\Mo\LitRev\1\All_Piezos\EDBT-results\datasets\piezo2\cf_example_plots\piezo2__GA-exog__counter100__test3695__start14179.png,"PRELIQ_Q, T_Q",0,0.0,0.0,33,0.0980086177587509,4.687669277191162,48,0.0587261691689491,1.571904182434082,0,7.095791176858768e-10,2.384185791015625e-07
piezo2,ForecastCF-target,120,4388,14872,c:\Users\golpour\Desktop\Mo\LitRev\1\All_Piezos\EDBT-results\datasets\piezo2\cf_example_plots\piezo2__ForecastCF-target__counter120__test4388__start14872.png,level,336,0.5464312434196472,0.7587614059448242,0,0.0,0.0,0,0.0,0.0,0,0.0,0.0
piezo2,ForecastCF-exog,120,4388,14872,c:\Users\golpour\Desktop\Mo\LitRev\1\All_Piezos\EDBT-results\datasets\piezo2\cf_example_plots\piezo2__ForecastCF-exog__counter120__test4388__start14872.png,"PRELIQ_Q, T_Q, ETP_Q",0,0.0,0.0,336,0.9416663646697998,1.3003857135772705,336,0.866516649723053,1.440564751625061,336,0.902192771434784,1.4486104249954224
piezo2,COMET-exog,120,4388,14872,c:\Users\golpour\Desktop\Mo\LitRev\1\All_Piezos\EDBT-results\datasets\piezo2\cf_example_plots\piezo2__COMET-exog__counter120__test4388__start14872.png,"PRELIQ_Q, T_Q, ETP_Q",0,0.0,0.0,262,0.2533029317855835,4.261517524719238,336,0.4297638535499573,1.0667707920074463,336,0.3015859127044678,1.1325395107269287
piezo2,DiffusionCF-target,120,4388,14872,c:\Users\golpour\Desktop\Mo\LitRev\1\All_Piezos\EDBT-results\datasets\piezo2\cf_example_plots\piezo2__DiffusionCF-target__counter120__test4388__start14872.png,level,48,0.2891711294651031,2.1953835487365723,0,0.0,0.0,0,0.0,0.0,0,0.0,0.0
piezo2,DiffusionCF-exog,120,4388,14872,c:\Users\golpour\Desktop\Mo\LitRev\1\All_Piezos\EDBT-results\datasets\piezo2\cf_example_plots\piezo2__DiffusionCF-exog__counter120__test4388__start14872.png,"PRELIQ_Q, T_Q, ETP_Q",0,0.0,0.0,43,0.2312200218439102,15.284844398498535,48,0.1601494401693344,2.916904926300049,48,0.1281507313251495,2.361811399459839
piezo2,NTD-CFE-exog,120,4388,14872,c:\Users\golpour\Desktop\Mo\LitRev\1\All_Piezos\EDBT-results\datasets\piezo2\cf_example_plots\piezo2__NTD-CFE-exog__counter120__test4388__start14872.png,T_Q,0,0.0,0.0,0,0.0,0.0,127,0.0110456496477127,0.0292232036590576,0,0.0,0.0
piezo2,GA-exog,120,4388,14872,c:\Users\golpour\Desktop\Mo\LitRev\1\All_Piezos\EDBT-results\datasets\piezo2\cf_example_plots\piezo2__GA-exog__counter120__test4388__start14872.png,"PRELIQ_Q, T_Q",0,0.0,0.0,44,0.2425169497728347,16.49816131591797,48,0.050807349383831,1.0111095905303955,0,0.0,0.0
piezo2,ForecastCF-target,140,5211,15695,c:\Users\golpour\Desktop\Mo\LitRev\1\All_Piezos\EDBT-results\datasets\piezo2\cf_example_plots\piezo2__ForecastCF-target__counter140__test5211__start15695.png,level,336,0.5135079026222229,0.5652605891227722,0,0.0,0.0,0,0.0,0.0,0,0.0,0.0
piezo2,ForecastCF-exog,140,5211,15695,c:\Users\golpour\Desktop\Mo\LitRev\1\All_Piezos\EDBT-results\datasets\piezo2\cf_example_plots\piezo2__ForecastCF-exog__counter140__test5211__start15695.png,"PRELIQ_Q, T_Q, ETP_Q",0,0.0,0.0,336,0.964873433113098,1.1195876598358154,336,0.9227864146232604,1.2724940776824951,336,0.9991611242294312,1.302893877029419
piezo2,COMET-exog,140,5211,15695,c:\Users\golpour\Desktop\Mo\LitRev\1\All_Piezos\EDBT-results\datasets\piezo2\cf_example_plots\piezo2__COMET-exog__counter140__test5211__start15695.png,"PRELIQ_Q, T_Q, ETP_Q",0,0.0,0.0,225,0.2641555666923523,1.1200110912322998,336,0.7000365257263184,1.1564130783081057,336,0.5540236830711365,1.305577278137207
piezo2,DiffusionCF-target,140,5211,15695,c:\Users\golpour\Desktop\Mo\LitRev\1\All_Piezos\EDBT-results\datasets\piezo2\cf_example_plots\piezo2__DiffusionCF-target__counter140__test5211__start15695.png,level,48,0.0678874850273132,0.8376709222793579,0,0.0,0.0,0,0.0,0.0,0,0.0,0.0
piezo2,DiffusionCF-exog,140,5211,15695,c:\Users\golpour\Desktop\Mo\LitRev\1\All_Piezos\EDBT-results\datasets\piezo2\cf_example_plots\piezo2__DiffusionCF-exog__counter140__test5211__start15695.png,"PRELIQ_Q, T_Q, ETP_Q",0,0.0,0.0,42,0.1111623868346214,5.205139636993408,48,0.2168482840061187,3.039825439453125,48,0.1272798925638198,2.5100975036621094
piezo2,NTD-CFE-exog,140,5211,15695,c:\Users\golpour\Desktop\Mo\LitRev\1\All_Piezos\EDBT-results\datasets\piezo2\cf_example_plots\piezo2__NTD-CFE-exog__counter140__test5211__start15695.png,PRELIQ_Q,0,0.0,0.0,328,2.283144950866699,8.013771057128906,0,0.0,0.0,0,0.0,0.0
piezo2,GA-exog,140,5211,15695,c:\Users\golpour\Desktop\Mo\LitRev\1\All_Piezos\EDBT-results\datasets\piezo2\cf_example_plots\piezo2__GA-exog__counter140__test5211__start15695.png,"PRELIQ_Q, T_Q",0,0.0,0.0,31,0.0589574687182903,2.1003193855285645,48,0.1298113614320755,2.0148520469665527,0,2.1287374085687816e-09,2.384185791015625e-07
piezo2,ForecastCF-target,160,5813,16297,c:\Users\golpour\Desktop\Mo\LitRev\1\All_Piezos\EDBT-results\datasets\piezo2\cf_example_plots\piezo2__ForecastCF-target__counter160__test5813__start16297.png,level,336,0.5049994587898254,0.5815990567207336,0,0.0,0.0,0,0.0,0.0,0,0.0,0.0
piezo2,ForecastCF-exog,160,5813,16297,c:\Users\golpour\Desktop\Mo\LitRev\1\All_Piezos\EDBT-results\datasets\piezo2\cf_example_plots\piezo2__ForecastCF-exog__counter160__test5813__start16297.png,"PRELIQ_Q, T_Q, ETP_Q",0,0.0,0.0,336,0.9325478076934814,1.2775214910507202,336,0.9523059129714966,1.1581158638000488,336,0.9523353576660156,1.3198535442352295
piezo2,COMET-exog,160,5813,16297,c:\Users\golpour\Desktop\Mo\LitRev\1\All_Piezos\EDBT-results\datasets\piezo2\cf_example_plots\piezo2__COMET-exog__counter160__test5813__start16297.png,"PRELIQ_Q, T_Q, ETP_Q",0,0.0,0.0,247,0.2131275236606598,1.0082182884216309,336,0.642723798751831,1.0781832933425903,335,0.5148554444313049,1.3067750930786133
piezo2,DiffusionCF-target,160,5813,16297,c:\Users\golpour\Desktop\Mo\LitRev\1\All_Piezos\EDBT-results\datasets\piezo2\cf_example_plots\piezo2__DiffusionCF-target__counter160__test5813__start16297.png,level,48,0.1603803783655166,1.2757593393325806,0,0.0,0.0,0,0.0,0.0,0,0.0,0.0
piezo2,DiffusionCF-exog,160,5813,16297,c:\Users\golpour\Desktop\Mo\LitRev\1\All_Piezos\EDBT-results\datasets\piezo2\cf_example_plots\piezo2__DiffusionCF-exog__counter160__test5813__start16297.png,"PRELIQ_Q, T_Q, ETP_Q",0,0.0,0.0,28,0.0742947831749916,6.367301940917969,48,0.2418093234300613,3.4732980728149414,48,0.1812619417905807,4.46619987487793
piezo2,NTD-CFE-exog,160,5813,16297,c:\Users\golpour\Desktop\Mo\LitRev\1\All_Piezos\EDBT-results\datasets\piezo2\cf_example_plots\piezo2__NTD-CFE-exog__counter160__test5813__start16297.png,PRELIQ_Q,0,0.0,0.0,38,0.0016235464718192,0.0143556594848632,0,0.0,0.0,0,0.0,0.0
piezo2,GA-exog,160,5813,16297,c:\Users\golpour\Desktop\Mo\LitRev\1\All_Piezos\EDBT-results\datasets\piezo2\cf_example_plots\piezo2__GA-exog__counter160__test5813__start16297.png,"PRELIQ_Q, T_Q",0,0.0,0.0,32,0.0719225779175758,6.514033794403076,51,0.0912821516394615,2.2482597827911377,0,7.095791176858768e-10,2.384185791015625e-07
piezo2,ForecastCF-target,180,6396,16880,c:\Users\golpour\Desktop\Mo\LitRev\1\All_Piezos\EDBT-results\datasets\piezo2\cf_example_plots\piezo2__ForecastCF-target__counter180__test6396__start16880.png,level,336,0.5123156309127808,0.5807604193687439,0,0.0,0.0,0,0.0,0.0,0,0.0,0.0
piezo2,ForecastCF-exog,180,6396,16880,c:\Users\golpour\Desktop\Mo\LitRev\1\All_Piezos\EDBT-results\datasets\piezo2\cf_example_plots\piezo2__ForecastCF-exog__counter180__test6396__start16880.png,"PRELIQ_Q, T_Q, ETP_Q",0,0.0,0.0,336,0.9622958302497864,1.3658726215362549,336,0.9732535481452942,1.241508960723877,336,0.9478104710578918,1.3054933547973633
piezo2,COMET-exog,180,6396,16880,c:\Users\golpour\Desktop\Mo\LitRev\1\All_Piezos\EDBT-results\datasets\piezo2\cf_example_plots\piezo2__COMET-exog__counter180__test6396__start16880.png,"PRELIQ_Q, T_Q, ETP_Q",0,0.0,0.0,198,0.2141297161579132,2.207119941711426,336,0.7232633233070374,1.146259903907776,336,0.4154450893402099,1.2217206954956057
piezo2,DiffusionCF-target,180,6396,16880,c:\Users\golpour\Desktop\Mo\LitRev\1\All_Piezos\EDBT-results\datasets\piezo2\cf_example_plots\piezo2__DiffusionCF-target__counter180__test6396__start16880.png,level,48,0.1332776844501495,1.1608117818832395,0,0.0,0.0,0,0.0,0.0,0,0.0,0.0
piezo2,DiffusionCF-exog,180,6396,16880,c:\Users\golpour\Desktop\Mo\LitRev\1\All_Piezos\EDBT-results\datasets\piezo2\cf_example_plots\piezo2__DiffusionCF-exog__counter180__test6396__start16880.png,"PRELIQ_Q, T_Q, ETP_Q",0,0.0,0.0,36,0.1720661371946334,14.245644569396973,48,0.2206238508224487,2.9988880157470703,48,0.1270560026168823,2.7980663776397705
piezo2,NTD-CFE-exog,180,6396,16880,c:\Users\golpour\Desktop\Mo\LitRev\1\All_Piezos\EDBT-results\datasets\piezo2\cf_example_plots\piezo2__NTD-CFE-exog__counter180__test6396__start16880.png,ETP_Q,0,0.0,0.0,0,0.0,0.0,0,0.0,0.0,4,0.0002094776864396,0.0175961256027221
piezo2,GA-exog,180,6396,16880,c:\Users\golpour\Desktop\Mo\LitRev\1\All_Piezos\EDBT-results\datasets\piezo2\cf_example_plots\piezo2__GA-exog__counter180__test6396__start16880.png,"PRELIQ_Q, T_Q",0,0.0,0.0,36,0.0766360908746719,5.1747002601623535,48,0.0458940379321575,1.339233636856079,0,1.4191582353717536e-09,2.384185791015625e-07
piezo2,ForecastCF-target,200,7192,17676,c:\Users\golpour\Desktop\Mo\LitRev\1\All_Piezos\EDBT-results\datasets\piezo2\cf_example_plots\piezo2__ForecastCF-target__counter200__test7192__start17676.png,level,336,0.5023112297058105,0.5889265537261963,0,0.0,0.0,0,0.0,0.0,0,0.0,0.0
piezo2,ForecastCF-exog,200,7192,17676,c:\Users\golpour\Desktop\Mo\LitRev\1\All_Piezos\EDBT-results\datasets\piezo2\cf_example_plots\piezo2__ForecastCF-exog__counter200__test7192__start17676.png,"PRELIQ_Q, T_Q, ETP_Q",0,0.0,0.0,336,0.9880698323249816,1.1577454805374146,336,0.9812451601028442,1.4002398252487185,336,0.9836999773979188,1.4008835554122925
piezo2,COMET-exog,200,7192,17676,c:\Users\golpour\Desktop\Mo\LitRev\1\All_Piezos\EDBT-results\datasets\piezo2\cf_example_plots\piezo2__COMET-exog__counter200__test7192__start17676.png,"PRELIQ_Q, T_Q, ETP_Q",0,0.0,0.0,236,0.2081383466720581,1.0609393119812012,336,0.3451157212257385,1.2857098579406738,336,0.0940428152680397,1.2650575637817385
piezo2,DiffusionCF-target,200,7192,17676,c:\Users\golpour\Desktop\Mo\LitRev\1\All_Piezos\EDBT-results\datasets\piezo2\cf_example_plots\piezo2__DiffusionCF-target__counter200__test7192__start17676.png,level,48,0.2095490843057632,1.6484336853027344,0,0.0,0.0,0,0.0,0.0,0,0.0,0.0
piezo2,DiffusionCF-exog,200,7192,17676,c:\Users\golpour\Desktop\Mo\LitRev\1\All_Piezos\EDBT-results\datasets\piezo2\cf_example_plots\piezo2__DiffusionCF-exog__counter200__test7192__start17676.png,"PRELIQ_Q, T_Q, ETP_Q",0,0.0,0.0,38,0.1424301862716674,9.557974815368652,48,0.2310623228549957,3.3903727531433105,48,0.1161033064126968,2.899733543395996
piezo2,NTD-CFE-exog,200,7192,17676,c:\Users\golpour\Desktop\Mo\LitRev\1\All_Piezos\EDBT-results\datasets\piezo2\cf_example_plots\piezo2__NTD-CFE-exog__counter200__test7192__start17676.png,T_Q,0,0.0,0.0,0,0.0,0.0,11,0.0037852395325899,0.1156218647956848,0,0.0,0.0
piezo2,GA-exog,200,7192,17676,c:\Users\golpour\Desktop\Mo\LitRev\1\All_Piezos\EDBT-results\datasets\piezo2\cf_example_plots\piezo2__GA-exog__counter200__test7192__start17676.png,"PRELIQ_Q, T_Q",0,0.0,0.0,42,0.09401848912239075,4.820179462432861,48,0.08259192854166031,1.6344813108444214,0,0.0,0.0
